"Suburb","Address",Bedroom,"Type",Price,"Link"
"ABBOTSFORD","28 Curtin Av",3,"House",Price withheld,"https://www.domain.com.au/28-curtin-avenue-abbotsford-nsw-2046-2013804488"
"ABBOTSFORD","16/168-172 Hampden Rd",2,"Unit",Price withheld,"https://www.domain.com.au/16-168-hampden-road-abbotsford-nsw-2046-2013802089"
"ALEXANDRIA","25/4 Gillespie Av",1,"Unit",Passed In,"https://www.domain.com.au/25-4-gillespie-avenue-alexandria-nsw-2015-2013797534"
"ALEXANDRIA","53A Lawrence St",3,"House",1920.0,"https://www.domain.com.au/53a-lawrence-street-alexandria-nsw-2015-2013803686"
"ALEXANDRIA","19 Renwick St",2,"House",1550.0,"https://www.domain.com.au/19-renwick-street-alexandria-nsw-2015-2013798654"
"ALLAMBIE HEIGHTS","14 Allambie Rd",7,"House",2040.0,"https://www.domain.com.au/14-allambie-road-allambie-heights-nsw-2100-2013813678"
"ALLAMBIE HEIGHTS","4 Orara Rd",5,"House",2127.5,"https://www.domain.com.au/4-orara-road-allambie-heights-nsw-2100-2013804592"
"ALLAWAH","2/17 Noble St",2,"Unit",Passed In,"https://www.domain.com.au/2-17-noble-street-allawah-nsw-2218-2013806301"
"ANNANDALE","2/95-97 Johnston St",1,"Unit",740.0,"https://www.domain.com.au/2-95-johnston-street-annandale-nsw-2038-2013797889"
"ANNANDALE","12/48 Nelson St",1,"Unit",Price withheld,"https://www.domain.com.au/12-48-nelson-street-annandale-nsw-2038-2013813082"
"ARNCLIFFE","16 Walters St",4,"House",1525.0,"https://www.domain.com.au/16-walters-street-arncliffe-nsw-2205-2013791085"
"ARTARMON","21 Burra Rd",4,"House",3010.0,"https://www.domain.com.au/21-burra-road-artarmon-nsw-2064-2013812279"
"ARTARMON","10/24-28 Cleland Rd",2,"Townhouse",1195.0,"https://www.domain.com.au/10-24-cleland-road-artarmon-nsw-2064-2013806908"
"ARTARMON","3 Smith Rd",4,"House",3020.0,"https://www.domain.com.au/3-smith-road-artarmon-nsw-2064-2013811168"
"ASHBURY","37 Goodlet St",3,"House",1750.0,"https://www.domain.com.au/37-goodlet-street-ashbury-nsw-2193-2013797864"
"ASHBURY","9 Second St",2,"House",1260.0,"https://www.domain.com.au/9-second-street-ashbury-nsw-2193-2013797876"
"ASHFIELD","14/24 Alt St",2,"Unit",721.0,"https://www.domain.com.au/14-24-alt-street-ashfield-nsw-2131-2013789771"
"ASHFIELD","4/28 Cecil St",2,"Unit",Price withheld,"https://www.domain.com.au/4-28-cecil-street-ashfield-nsw-2131-2013798759"
"ASHFIELD","102 Victoria St",4,"House",2510.0,"https://www.domain.com.au/102-victoria-street-ashfield-nsw-2131-2013799236"
"ASQUITH","10 Heath St",3,"House",Price withheld,"https://www.domain.com.au/10-heath-street-asquith-nsw-2077-2013818207"
"AUBURN","41 Belgium St",3,"House",Passed In,"https://www.domain.com.au/41-belgium-st-auburn-nsw-2144-2013797929"
"AUBURN","1 Braemar Av",4,"House",1130.0,"https://www.domain.com.au/1-braemar-avenue-auburn-nsw-2144-2013778361"
"AUBURN","23 Myall St",4,"House",Passed In,"https://www.domain.com.au/23-myall-st-auburn-nsw-2144-2013791422"
"AVALON BEACH","62 Avalon Pde",5,"House",Withdrawn,"https://www.domain.com.au/62-avalon-parade-avalon-beach-nsw-2107-2013787037"
"AVOCA BEACH","31 Moores Rd",3,"House",860.0,"https://www.domain.com.au/31-moores-road-avoca-beach-nsw-2251-2013808034"
"AVOCA BEACH","4/157 The Round Drive ",5,"House",1770.0,"https://www.domain.com.au/4-157-the-round-drive-avoca-beach-nsw-2251-2013796801"
"BALGOWLAH","2 Audrey St",3,"House",Passed In,"https://www.domain.com.au/2-audrey-street-balgowlah-nsw-2093-2013800931"
"BALGOWLAH","6/11 Boyle St",2,"Unit",1210.0,"https://www.domain.com.au/6-11-boyle-street-balgowlah-nsw-2093-2013795548"
"BALGOWLAH HEIGHTS","118 Beatrice St",5,"House",Passed In,"https://www.domain.com.au/118-beatrice-street-balgowlah-heights-nsw-2093-2013794035"
"BALGOWLAH HEIGHTS","43 Curban St",4,"House",2465.0,"https://www.domain.com.au/43-curban-street-balgowlah-heights-nsw-2093-2013805938"
"BALMAIN","67 Curtis Rd",2,"House",1500.0,"https://www.domain.com.au/67-curtis-road-balmain-nsw-2041-2013797831"
"BALMAIN","64 Mort St",3,"House",Price withheld,"https://www.domain.com.au/64-mort-street-balmain-nsw-2041-2013802681"
"BALMAIN","14 Reynolds Av",3,"Townhouse",1700.0,"https://www.domain.com.au/14-reynolds-avenue-balmain-nsw-2041-2013801920"
"BANGOR","2 Pyree St",5,"House",1285.0,"https://www.domain.com.au/2-pyree-street-bangor-nsw-2234-2013803082"
"BANKSTOWN","62 Brancourt Av",4,"House",Passed In,"https://www.domain.com.au/62-brancourt-avenue-bankstown-nsw-2200-2013790355"
"BANKSTOWN","14/38-46 Cairds Av",3,"Unit",582.5,"https://www.domain.com.au/14-38-cairds-avenue-bankstown-nsw-2200-2013815151"
"BANKSTOWN","3/140 Chapel Rd",3,"Unit",557.0,"https://www.domain.com.au/3-140-142-chapel-road-bankstown-nsw-2200-2013760556"
"BANKSTOWN","506/16-20 Meredith St",2,"Unit",529.0,"https://www.domain.com.au/506-16-meredith-street-bankstown-nsw-2200-2013800190"
"BASS HILL","70 Beatrice St",4,"House",673.0,"https://www.domain.com.au/70-beatrice-street-bass-hill-nsw-2197-2013812523"
"BASS HILL","21 Carey St",3,"House",957.5,"https://www.domain.com.au/21-carey-street-bass-hill-nsw-2197-2013798400"
"BATEAU BAY","13 Alexander Av",3,"House",800.0,"https://www.domain.com.au/13-alexander-avenue-bateau-bay-nsw-2261-2013801925"
"BATEAU BAY","17 Mermaid Dr",4,"House",Passed In,"https://www.domain.com.au/17-mermaid-drive-bateau-bay-nsw-2261-2013805050"
"BAULKHAM HILLS","7 Orchard St",5,"House",1110.0,"https://www.domain.com.au/7-orchard-street-baulkham-hills-nsw-2153-2013797820"
"BAULKHAM HILLS","12 Watkins Rd",3,"House",Passed In,"https://www.domain.com.au/12-watkins-road-baulkham-hills-nsw-2153-2013800920"
"BEACON HILL","27 O'Connors Rd",4,"House",1595.0,"https://www.domain.com.au/27-o-connors-road-beacon-hill-nsw-2100-2013804302"
"BEACONSFIELD","97 Queen St",3,"House",1900.0,"https://www.domain.com.au/97-queen-street-beaconsfield-nsw-2015-2013790208"
"BEECROFT","47 Wongala Cr",3,"House",Withdrawn,"https://www.domain.com.au/47-wongala-crescent-beecroft-nsw-2119-2013803042"
"BELFIELD","33 Clarence St",4,"House",1585.0,"https://www.domain.com.au/33-clarence-street-belfield-nsw-2191-2013789239"
"BELLA VISTA","7 Osprey Tce",4,"House",Passed In,"https://www.domain.com.au/7-osprey-terrace-bella-vista-nsw-2153-2013816408"
"BELLEVUE HILL","2/43 Birriga Rd",1,"Unit",627.0,"https://www.domain.com.au/2-43-birriga-road-bellevue-hill-nsw-2023-2013778887"
"BELLEVUE HILL","2/85 Drumalbyn Rd",2,"Unit",1100.0,"https://www.domain.com.au/2-85-drumalbyn-road-bellevue-hill-nsw-2023-2013825559"
"BELMORE","30 Paxton Av",4,"House",Passed In,"https://www.domain.com.au/30-paxton-ave-belmore-nsw-2192-2013750066"
"BELMORE","17 Victory St",3,"House",1195.0,"https://www.domain.com.au/17-victory-street-belmore-nsw-2192-2013798411"
"BERALA","26 Albert St",4,"House",1276.0,"https://www.domain.com.au/26-albert-street-berala-nsw-2141-2013778360"
"BERKELEY VALE","3/5A Burgin Cl",3,"House",445.0,"https://www.domain.com.au/3-5a-burgin-close-berkeley-vale-nsw-2261-2013802345"
"BEVERLY HILLS","11 Booragul St",5,"House",1362.0,"https://www.domain.com.au/11-booragul-street-beverly-hills-nsw-2209-2013670483"
"BEVERLY HILLS","193 Gloucester Rd",3,"House",1430.0,"https://www.domain.com.au/193-gloucester-road-beverly-hills-nsw-2209-2013794564"
"BEVERLY HILLS","23 Mayfair Cr",2,"House",1190.0,"https://www.domain.com.au/23-mayfair-crescent-beverly-hills-nsw-2209-2013797549"
"BEXLEY NORTH","165a Kingsland Rd",3,"House",1460.0,"https://www.domain.com.au/165a-kingsland-road-bexley-north-nsw-2207-2013795741"
"BEXLEY NORTH","51 Oliver St",4,"House",Passed In,"https://www.domain.com.au/51-oliver-street-bexley-north-nsw-2207-2013797525"
"BIRCHGROVE","33A Cameron St",3,"House",Passed In,"https://www.domain.com.au/33a-cameron-street-birchgrove-nsw-2041-2013811295"
"BLACKTOWN","30 Boyd St",4,"House",Passed In,"https://www.domain.com.au/30-boyd-st-blacktown-nsw-2148-2013847116"
"BLACKTOWN","7 Leslie St",3,"House",680.0,"https://www.domain.com.au/7-leslie-street-blacktown-nsw-2148-2013799327"
"BLAKEHURST","24 Stuart St",6,"House",Passed In,"https://www.domain.com.au/24-stuart-street-blakehurst-nsw-2221-2013803554"
"BLAXLANDS RIDGE","160 Weatherboard Ridge Rd",4,"House",Passed In,"https://www.domain.com.au/160-weatherboard-ridge-road-kurrajong-nsw-2758-2013820532"
"BONDI","1/26-28 Bennett St",1,"Unit",845.0,"https://www.domain.com.au/1-26-bennett-street-bondi-nsw-2026-2013810074"
"BONDI BEACH","19/29-31 Simpson St",2,"Unit",1020.0,"https://www.domain.com.au/19-29-simpson-street-bondi-beach-nsw-2026-2013808240"
"BOTANY","3B/73A Banksia St",3,"Townhouse",1310.0,"https://www.domain.com.au/3b-73a-banksia-street-botany-nsw-2019-2013802223"
"BOTANY","11 Fabry St",4,"House",1800.0,"https://www.domain.com.au/11-fabry-street-botany-nsw-2019-2013798378"
"BOTANY","37/2 Victoria St",3,"Unit",1000.0,"https://www.domain.com.au/37-2-victoria-street-botany-nsw-2019-2013805071"
"BREAKFAST POINT","10/17 Orchards Av",3,"Unit",1835.0,"https://www.domain.com.au/10-17-orchards-avenue-breakfast-point-nsw-2137-2013804101"
"BRIGHTON-LE-SANDS","6/344 West Botany St",4,"Townhouse",1250.0,"https://www.domain.com.au/6-344-west-botany-street-brighton-le-sands-nsw-2216-2013810069"
"BRONTE","30 Yanko Av",5,"House",Withdrawn,"https://www.domain.com.au/30-yanko-avenue-bronte-nsw-2024-2013790900"
"BROOKVALE","5/12-16 Shackel Av",2,"Unit",925.0,"https://www.domain.com.au/5-12-shackel-avenue-brookvale-nsw-2100-2013800929"
"BURWOOD","56 Minna St",4,"House",1915.0,"https://www.domain.com.au/56-minna-street-burwood-nsw-2134-2013792686"
"BURWOOD","9A Rowley St",2,"House",1500.0,"https://www.domain.com.au/9a-rowley-street-burwood-nsw-2134-2013791469"
"BURWOOD","188 Wentworth Rd",4,"House",1915.0,"https://www.domain.com.au/188-wentworth-road-burwood-nsw-2134-2013386579"
"BUSBY","22 Banks Rd",6,"House",Passed In,"https://www.domain.com.au/22-banks-road-busby-nsw-2168-2013795269"
"BUSBY","10 Dimby Pl",3,"House",Price withheld,"https://www.domain.com.au/10-dimby-place-busby-nsw-2168-2013786364"
"BUSBY","72 Green Valley Rd",5,"House",800.0,"https://www.domain.com.au/72-green-valley-road-busby-nsw-2168-2013801298"
"CAMPERDOWN","7 Gilpin St",3,"House",1840.0,"https://www.domain.com.au/7-gilpin-street-camperdown-nsw-2050-2013805077"
"CAMPERDOWN","49/66-70 Parramatta Rd",2,"Unit",955.0,"https://www.domain.com.au/49-66-70-parramatta-road-camperdown-nsw-2050-2013787568"
"CANLEY VALE","64A Beckenham St",5,"House",Passed In,"https://www.domain.com.au/64a-beckenham-st-canley-vale-nsw-2166-2013786687"
"CANTERBURY","7a Onslow St",4,"House",1423.0,"https://www.domain.com.au/7a-onslow-street-canterbury-nsw-2193-2013810547"
"CANTERBURY","6/1 Wonga St",2,"Unit",538.0,"https://www.domain.com.au/6-1-wonga-street-canterbury-nsw-2193-2013800419"
"CARINGBAH","9 Nioka Pl",3,"House",1366.0,"https://www.domain.com.au/9-nioka-place-caringbah-nsw-2229-2013801354"
"CARINGBAH","6/70 Yathong Rd",3,"Townhouse",910.0,"https://www.domain.com.au/6-70-yathong-road-caringbah-nsw-2229-2013800054"
"CARLINGFORD","14 Havilah Pl",4,"House",1835.0,"https://www.domain.com.au/14-havilah-place-carlingford-nsw-2118-2013811612"
"CASTLE HILL","35 Ashmead Av",6,"House",Passed In,"https://www.domain.com.au/35-ashmead-avenue-castle-hill-nsw-2154-2013799312"
"CASTLE HILL","31 Gilham St",6,"House",Passed In,"https://www.domain.com.au/31-gilham-street-castle-hill-nsw-2154-2013808279"
"CASTLE HILL","57 Telfer Rd",4,"House",1830.0,"https://www.domain.com.au/57-telfer-road-castle-hill-nsw-2154-2013799829"
"CHATSWOOD","1 Dardanelles Rd",4,"House",2000.0,"https://www.domain.com.au/1-dardanelles-road-chatswood-nsw-2067-2013805123"
"CHATSWOOD","12/2 Eddy Rd",3,"Unit",1400.0,"https://www.domain.com.au/12-2-eddy-road-chatswood-nsw-2067-2013802100"
"CHATSWOOD","1/6 Eddy Rd",2,"Unit",1320.0,"https://www.domain.com.au/1-6-eddy-road-chatswood-nsw-2067-2013803652"
"CHATSWOOD","1 Rose St",4,"House",Passed In,"https://www.domain.com.au/1--rose-street-chatswood-nsw-2067-2013790945"
"CHATSWOOD WEST","102 Millwood Av",5,"House",Passed In,"https://www.domain.com.au/102-millwood-avenue-chatswood-nsw-2067-2013793561"
"CHERRYBROOK","31 Myson Dr",4,"House",1543.0,"https://www.domain.com.au/31-myson-drive-cherrybrook-nsw-2126-2013805841"
"CHERRYBROOK","10 Northwood Wy",3,"House",1095.0,"https://www.domain.com.au/10-northwood-way-cherrybrook-nsw-2126-2013820389"
"CLEMTON PARK","22b Ferrier Pde",5,"House",1530.0,"https://www.domain.com.au/22b-ferrier-parade-clemton-park-nsw-2206-2013798833"
"CLONTARF","8 Alma St",3,"House",2490.0,"https://www.domain.com.au/8-alma-street-clontarf-nsw-2093-2013811200"
"CLOVELLY","3/22 Campbell St",2,"Unit",925.0,"https://www.domain.com.au/3-22-campbell-street-clovelly-nsw-2031-2013800243"
"CLOVELLY","31 Keith St",4,"House",3785.0,"https://www.domain.com.au/31-keith-street-clovelly-nsw-2031-2013795653"
"COLYTON","22 Cooinda St",3,"House",672.0,"https://www.domain.com.au/22-cooinda-street-colyton-nsw-2760-2013801042"
"CONCORD","40 Wellbank St",3,"House",1525.0,"https://www.domain.com.au/40-wellbank-street-concord-nsw-2137-2013784840"
"CONCORD WEST","55 The Drive ",4,"House",2800.0,"https://www.domain.com.au/55-the-drive-concord-west-nsw-2138-2013801311"
"CONDELL PARK","2/14 Jensen St",3,"Townhouse",Passed In,"https://www.domain.com.au/2-14-jensen-street-condell-park-nsw-2200-2013804856"
"COOGEE","344 Arden St",4,"House",Passed In,"https://www.domain.com.au/344-arden-street-coogee-nsw-2034-2013769372"
"COOGEE","6/193-197 Oberon St",1,"Unit",715.0,"https://www.domain.com.au/6-193-197-oberon-street-coogee-nsw-2034-2013807987"
"COPACABANA","14 Koorabel Av",3,"House",1010.0,"https://www.domain.com.au/14-koorabel-avenue-copacabana-nsw-2251-2013802925"
"CROMER","1/243 Fisher Rd N",4,"Townhouse",1270.0,"https://www.domain.com.au/1-243-fisher-road-north-cromer-nsw-2099-2013805602"
"CROMER","2 Howse Cr",3,"House",1622.0,"https://www.domain.com.au/2-howse-crescent-cromer-nsw-2099-2013799321"
"CRONULLA","402/79 Mitchell Rd",2,"Unit",785.0,"https://www.domain.com.au/402-79-mitchell-road-cronulla-nsw-2230-2013786892"
"CRONULLA","16/8-12 Waratah St",3,"Unit",1910.0,"https://www.domain.com.au/16-8-12-waratah-street-cronulla-nsw-2230-2013803043"
"CRONULLA","10 Windsor Rd",4,"House",2410.0,"https://www.domain.com.au/10-windsor-road-cronulla-nsw-2230-2013799987"
"CROWS NEST","15/143 Ernest St",2,"Unit",Price withheld,"https://www.domain.com.au/15-143-ernest-street-crows-nest-nsw-2065-2013792866"
"CROWS NEST","97 Falcon St",3,"Semi",Price withheld,"https://www.domain.com.au/97-falcon-street-crows-nest-nsw-2065-2013800628"
"CROYDON","63A Cheltenham Rd",8,"House",2640.0,"https://www.domain.com.au/63a-cheltenham-road-croydon-nsw-2132-2013789354"
"CROYDON PARK","1/136 Burwood Rd",4,"Townhouse",Passed In,"https://www.domain.com.au/1-136-burwood-road-croydon-park-nsw-2133-2013790295"
"CROYDON PARK","56 Carshalton St",4,"House",1840.0,"https://www.domain.com.au/56-carshalton-street-croydon-park-nsw-2133-2013802778"
"CROYDON PARK","2/184 Croydon Av",2,"Townhouse",970.0,"https://www.domain.com.au/2-184-croydon-avenue-croydon-park-nsw-2133-2013789985"
"CROYDON PARK","29 Walsh Av",6,"House",Passed In,"https://www.domain.com.au/29-walsh-avenue-croydon-park-nsw-2133-2013797893"
"DARLING POINT","203/109 Darling Point Rd",2,"Unit",1380.0,"https://www.domain.com.au/203-109-darling-point-road-darling-point-nsw-2027-2013803655"
"DAVIDSON","8 McBrien Pl",3,"House",1500.0,"https://www.domain.com.au/8-mcbrien-place-davidson-nsw-2085-2013794760"
"DAVIDSON","58 Sir Thomas Mitchell Dr",4,"House",1652.0,"https://www.domain.com.au/58-sir-thomas-mitchell-drive-davidson-nsw-2085-2013806917"
"DEE WHY","14/54-58 Dee Why Pde",2,"Unit",1070.0,"https://www.domain.com.au/14-54-dee-why-parade-dee-why-nsw-2099-2013826085"
"DEE WHY","3203/10 Sturdee Pde",1,"Unit",685.0,"https://www.domain.com.au/3203-10-sturdee-parade-dee-why-nsw-2099-2013782248"
"DEE WHY","53A Wheeler Pde",5,"House",3725.0,"https://www.domain.com.au/53a-wheeler-parade-dee-why-nsw-2099-2013806290"
"DENISTONE","21 Bellevue Av",5,"House",2105.0,"https://www.domain.com.au/21-bellevue-avenue-denistone-nsw-2114-2013802553"
"DENISTONE","494c Blaxland Rd",3,"Villa",1381.0,"https://www.domain.com.au/494c-blaxland-road-denistone-nsw-2114-2013787513"
"DENISTONE EAST","16 Hollis Av",4,"House",1775.0,"https://www.domain.com.au/16-hollis-avenue-denistone-east-nsw-2112-2013800575"
"DENISTONE EAST","3B Richmond St",4,"Duplex",Passed In,"https://www.domain.com.au/3b-richmond-street-denistone-east-nsw-2112-2013805114"
"DOLLS POINT","1/1-3 Gannon Av",2,"Unit",740.101,"https://www.domain.com.au/1-1-3-gannon-avenue-dolls-point-nsw-2219-2013806214"
"DRUMMOYNE","3/31 College St",2,"Unit",980.0,"https://www.domain.com.au/3-31-college-street-drummoyne-nsw-2047-2013799383"
"DRUMMOYNE","16/30 Tranmere St",2,"Unit",Passed In,"https://www.domain.com.au/16-30-tranmere-street-drummoyne-nsw-2047-2013798665"
"DULWICH HILL","7/13-17 Myra Rd",2,"Unit",758.0,"https://www.domain.com.au/7-13-17-myra-road-dulwich-hill-nsw-2203-2013807532"
"DULWICH HILL","14/553 New Canterbury Rd",2,"Unit",Passed In,"https://www.domain.com.au/14-553-new-canterbury-road-dulwich-hill-nsw-2203-2013800881"
"DULWICH HILL","155 Victoria St",2,"House",1280.0,"https://www.domain.com.au/155-victoria-street-dulwich-hill-nsw-2203-2013797935"
"DUNDAS VALLEY","24 Dobson Cr",3,"House",Passed In,"https://www.domain.com.au/24-dobson-crescent-dundas-valley-nsw-2117-2013799466"
"EARLWOOD","67 Highcliff Rd",4,"House",Passed In,"https://www.domain.com.au/67-highcliff-road-earlwood-nsw-2206-2013796663"
"EARLWOOD","174 Homer St",3,"House",1315.0,"https://www.domain.com.au/174-homer-street-earlwood-nsw-2206-2013799410"
"EARLWOOD","177 Homer St",4,"House",1725.0,"https://www.domain.com.au/177-homer-street-earlwood-nsw-2206-2013796662"
"EAST HILLS","24 Harford Av",4,"House",1275.0,"https://www.domain.com.au/24-harford-avenue-east-hills-nsw-2213-2013796855"
"EASTERN CREEK","150 Rooty Hill Rd S",3,"House",685.0,"https://www.domain.com.au/150-rooty-hill-road-south-eastern-creek-nsw-2766-2013784932"
"EASTWOOD","12 Ward St",6,"House",2280.0,"https://www.domain.com.au/12-ward-street-eastwood-nsw-2122-2013780305"
"EDENSOR PARK","10 Glen Elgin Cr",5,"House",Passed In,"https://www.domain.com.au/edensor-park-nsw-2176-2013798352"
"ELANORA HEIGHTS","15 Georgina Av",4,"House",1800.0,"https://www.domain.com.au/15-georgina-avenue-elanora-heights-nsw-2101-2013804611"
"ELIZABETH BAY","11/43 Elizabeth Bay Rd",1,"Unit",636.0,"https://www.domain.com.au/11-43-elizabeth-bay-road-elizabeth-bay-nsw-2011-2013797118"
"ENGADINE","1/8 Dernancourt Av",2,"Villa",775.0,"https://www.domain.com.au/1-8-dernancourt-avenue-engadine-nsw-2233-2013798500"
"ENGADINE","912 Princes Hwy",5,"House",Passed In,"https://www.domain.com.au/912-princes-highway-engadine-nsw-2233-2013807279"
"EPPING","10 Bartil Cl",5,"House",Withdrawn,"https://www.domain.com.au/10-bartil-close-epping-nsw-2121-2013802042"
"EPPING","19/42-50 Cliff Rd",2,"Unit",Passed In,"https://www.domain.com.au/19-42-50-cliff-road-epping-nsw-2121-2013806357"
"EPPING","16/24 Edensor St",3,"Unit",Price withheld,"https://www.domain.com.au/16-24-edensor-street-epping-nsw-2121-2013807393"
"EPPING","91 Epping Av",3,"House",Passed In,"https://www.domain.com.au/91-epping-avenue-epping-nsw-2121-2013803657"
"ERMINGTON","379 Kissing Point Rd",3,"House",1725.0,"https://www.domain.com.au/379-kissing-point-road-ermington-nsw-2115-2013798780"
"ERSKINEVILLE","39 Erskineville Rd",3,"House",1636.0,"https://www.domain.com.au/39-erskineville-road-erskineville-nsw-2043-2013787310"
"ERSKINEVILLE","24 John St",2,"House",1382.0,"https://www.domain.com.au/24-john-street-erskineville-nsw-2043-2013804273"
"FAIRFIELD","2A Lackey St",3,"House",1400.0,"https://www.domain.com.au/2a-lackey-street-fairfield-nsw-2165-2013802816"
"FAIRFIELD HEIGHTS","51 Linda St",3,"House",745.0,"https://www.domain.com.au/51-linda-st-fairfield-heights-nsw-2165-2013801353"
"FAIRLIGHT","2/31 Austin St",2,"Unit",815.0,"https://www.domain.com.au/2-31-austin-street-fairlight-nsw-2094-2013800930"
"FAIRLIGHT","17 Clifford Av",3,"House",3000.0,"https://www.domain.com.au/17-clifford-avenue-fairlight-nsw-2094-2013808949"
"FIVE DOCK","24 Barnstaple Rd",4,"House",Passed In,"https://www.domain.com.au/24-barnstaple-road-five-dock-nsw-2046-2013786221"
"FORESTVILLE","55 Altona Av",5,"House",Price withheld,"https://www.domain.com.au/55-altona-avenue-forestville-nsw-2087-2013805613"
"FORESTVILLE","9/17 Forestville Av",2,"House",Withdrawn,"https://www.domain.com.au/9-17-19-forestville-avenue-forestville-nsw-2087-2013799075"
"FORESTVILLE","12 Glentrees Av",5,"House",2300.0,"https://www.domain.com.au/12-glentrees-avenue-forestville-nsw-2087-2013812597"
"FRENCHS FOREST","73 John Oxley Dr",4,"House",1800.0,"https://www.domain.com.au/73-john-oxley-drive-frenchs-forest-nsw-2086-2013800950"
"FRENCHS FOREST","38 Sorlie Rd",4,"House",1650.0,"https://www.domain.com.au/38-sorlie-road-frenchs-forest-nsw-2086-2013805150"
"FRESHWATER","27 Waratah St",6,"House",3360.0,"https://www.domain.com.au/27-waratah-street-freshwater-nsw-2096-2013804557"
"GEORGES HALL","6 Georges Cr",2,"House",855.0,"https://www.domain.com.au/6-georges-cres-georges-hall-nsw-2198-2013798768"
"GEORGES HALL","415 Marion St",4,"House",1061.0,"https://www.domain.com.au/415-marion-st-georges-hall-nsw-2198-2013798767"
"GEORGES HALL","95 Sturt Av",4,"House",950.0,"https://www.domain.com.au/95-sturt-avenue-georges-hall-nsw-2198-2013800360"
"GLADESVILLE","3/44 High St",3,"Villa",945.75,"https://www.domain.com.au/3-44-high-street-gladesville-nsw-2111-2013808589"
"GLADESVILLE","20 Tennyson Rd",3,"House",2300.0,"https://www.domain.com.au/20-tennyson-road-gladesville-nsw-2111-2013806118"
"GLEBE","29 Avona Av",3,"House",3200.0,"https://www.domain.com.au/29-avona-avenue-glebe-nsw-2037-2013806097"
"GLEN ALPINE","13B Beltana Pl",4,"House",Passed In,"https://www.domain.com.au/13b-beltana-place-glen-alpine-nsw-2560-2013787864"
"GLEN ALPINE","27 Glenavon Pl",4,"House",Passed In,"https://www.domain.com.au/27-glenavon-place-glen-alpine-nsw-2560-2013795898"
"GLEN ALPINE","16 Narryna Pl",4,"House",Passed In,"https://www.domain.com.au/16-narryna-place-glen-alpine-nsw-2560-2013794272"
"GORDON","60 Elgin St",4,"House",1728.0,"https://www.domain.com.au/60-elgin-street-gordon-nsw-2072-2013790035"
"GREEN POINT","25 Milpera Rd",4,"House",Passed In,"https://www.domain.com.au/25-milpera-road-green-point-nsw-2251-2013797931"
"GREENACRE","110 Hillcrest Av",2,"House",885.0,"https://www.domain.com.au/110-hillcrest-avenue-greenacre-nsw-2190-2013798782"
"GREENACRE","72 Northcote Rd",4,"House",1700.0,"https://www.domain.com.au/72-northcote-road-greenacre-nsw-2190-2013785441"
"GREENACRE","10 Sylvanus St",3,"House",1115.0,"https://www.domain.com.au/10-sylvanus-street-greenacre-nsw-2190-2013801351"
"GREENFIELD PARK","13 Devenish St",4,"House",904.0,"https://www.domain.com.au/13-devenish-street-greenfield-park-nsw-2176-2013814035"
"GREENWICH","19 Bay St",3,"House",5020.0,"https://www.domain.com.au/19-bay-street-greenwich-nsw-2065-2013796715"
"GREYSTANES","9 Rosalind St",3,"House",1200.0,"https://www.domain.com.au/9-rosalind-street-greystanes-nsw-2145-2013799276"
"GUILDFORD","18 Oxford St",3,"House",770.0,"https://www.domain.com.au/18-oxford-street-guildford-nsw-2161-2013799649"
"GUILDFORD","16 West St",3,"House",1000.0,"https://www.domain.com.au/16-west-street-guildford-nsw-2161-2013798487"
"GUILDFORD","20 West St",5,"House",1300.0,"https://www.domain.com.au/20-west-street-guildford-nsw-2161-2013798546"
"GUILDFORD","22 West St",3,"House",1000.0,"https://www.domain.com.au/22-west-street-guildford-nsw-2161-2013798489"
"GYMEA","3/6-10 Ruby Rd",3,"Townhouse",1231.0,"https://www.domain.com.au/3-6-10-ruby-road-gymea-nsw-2227-2013791107"
"HABERFIELD","43 Ramsay St",2,"Semi",Passed In,"https://www.domain.com.au/43-ramsay-street--haberfield-nsw-2045-2013778106"
"HEATHCOTE","44 Boronia Gr",4,"House",Passed In,"https://www.domain.com.au/44-boronia-grove-heathcote-nsw-2233-2013785802"
"HINCHINBROOK","5 Snipe Cl",3,"House",Price withheld,"https://www.domain.com.au/5-snipe-close-hinchinbrook-nsw-2168-2013780604"
"HOLSWORTHY","137 Bardia Pde",4,"House",Passed In,"https://www.domain.com.au/137-bardia-parade-holsworthy-nsw-2173-2013796689"
"HUNTERS HILL","1/20 Church St",2,"Unit",1004.9999999999999,"https://www.domain.com.au/1-20-church-street-hunters-hill-nsw-2110-2013789241"
"HURSTVILLE","62/17 MacMahon St",3,"Unit",837.0,"https://www.domain.com.au/62-17-macmahon-street-hurstville-nsw-2220-2013806929"
"ILLAWONG","6 Cranbrook Pl",4,"House",1280.0,"https://www.domain.com.au/6-cranbrook-place-illawong-nsw-2234-2013801929"
"ILLAWONG","31 Walsh Cl",4,"House",Price withheld,"https://www.domain.com.au/31-walsh-close-illawong-nsw-2234-2013801195"
"KELLYVILLE","76 Blue Bell Cct",4,"House",Passed In,"https://www.domain.com.au/76-blue-bell-circuit-kellyville-nsw-2155-2013810529"
"KENSINGTON","262 Doncaster Av",4,"House",Withdrawn,"https://www.domain.com.au/262-doncaster-avenue-kensington-nsw-2033-2013803176"
"KINGS LANGLEY","48 Capricorn Rd",3,"House",Passed In,"https://www.domain.com.au/48-capricorn-road-kings-langley-nsw-2147-2013804205"
"KINGSGROVE","2a Banner Rd",5,"House",Passed In,"https://www.domain.com.au/2a-banner-road-kingsgrove-nsw-2208-2013804455"
"KINGSGROVE","108 Caroline St",4,"House",1455.0,"https://www.domain.com.au/108-caroline-st-kingsgrove-nsw-2208-2013798822"
"KINGSGROVE","12 Colwell St",4,"House",1340.0,"https://www.domain.com.au/12-colwell-street-kingsgrove-nsw-2208-2013795139"
"LANE COVE","264A Burns Bay Rd",3,"House",1565.0,"https://www.domain.com.au/264a-burns-bay-road-lane-cove-nsw-2066-2013807168"
"LANE COVE","5/54-56 Epping Rd",2,"Unit",Price withheld,"https://www.domain.com.au/5-54-epping-road-lane-cove-nsw-2066-2013804895"
"LANE COVE NORTH","14/416-418 Mowbray Rd W",2,"Unit",Price withheld,"https://www.domain.com.au/14-416-418-mowbray-road-lane-cove-nsw-2066-2013808018"
"LANE COVE NORTH","24/4 Murray St",2,"Unit",690.0,"https://www.domain.com.au/24-4-murray-street-lane-cove-nsw-2066-2013824864"
"LAWSON","51 Ridge St",4,"House",630.0,"https://www.domain.com.au/51-ridge-street-lawson-nsw-2783-2013139829"
"LEICHHARDT","16 Catherine St",3,"House",1465.0,"https://www.domain.com.au/16-catherine-street-leichhardt-nsw-2040-2013808775"
"LEWISHAM","21 Fred St",3,"House",1645.0,"https://www.domain.com.au/21-fred-street-lewisham-nsw-2049-2013804906"
"LIDCOMBE","2 Eric Cr",5,"House",Passed In,"https://www.domain.com.au/2-eric-crescent-lidcombe-nsw-2141-2013799928"
"LIDCOMBE","1 Stanley Rd",5,"House",1754.0,"https://www.domain.com.au/1-stanley-road-lidcombe-nsw-2141-2013739867"
"LIDCOMBE","1 Stone St",3,"House",1137.0,"https://www.domain.com.au/1-stone-street-lidcombe-nsw-2141-2013799595"
"LIDCOMBE","21 Tallowwood Av",3,"Townhouse",Passed In,"https://www.domain.com.au/21-tallowwood-avenue-lidcombe-nsw-2141-2013804394"
"LILYFIELD","1 Sunnyside Av",3,"House",Price withheld,"https://www.domain.com.au/1-sunnyside-avenue-lilyfield-nsw-2040-2013809806"
"LINDFIELD","25 Highfield Rd",6,"House",Passed In,"https://www.domain.com.au/25-highfield-road-lindfield-nsw-2070-2013804317"
"LINDFIELD","4/393 Pacific Hwy",2,"Unit",930.0,"https://www.domain.com.au/4-393-pacific-highway-lindfield-nsw-2070-2013803661"
"LINDFIELD","11 Winchester Avenue ",5,"House",Passed In,"https://www.domain.com.au/11-winchester-avenue-lindfield-nsw-2070-2013805323"
"LITTLE BAY","1/8 Curie St",1,"Terrace",800.0,"https://www.domain.com.au/1-8-curie-avenue-little-bay-nsw-2036-2013804486"
"LIVERPOOL","23 Smith Cr",2,"House",Price withheld,"https://www.domain.com.au/23-smith-crescent-liverpool-nsw-2170-2013809480"
"LLANDILO","44-48 Galvin Rd",2,"House",1225.0,"https://www.domain.com.au/44-48-galvin-road-llandilo-nsw-2747-2013784387"
"LUGARNO","1182 Forest Rd",4,"House",1280.0,"https://www.domain.com.au/1182-forest-road-lugarno-nsw-2210-2013799495"
"MACQUARIE PARK","21/7 Peach Tree Rd",2,"Unit",Price withheld,"https://www.domain.com.au/21-7-peach-tree-road-macquarie-park-nsw-2113-2013808676"
"MANLY","12/22 Ashburner St",2,"Unit",1615.0,"https://www.domain.com.au/12-22-ashburner-street-manly-nsw-2095-2013806602"
"MANLY","1/94 Birkley Rd",3,"Unit",1910.0,"https://www.domain.com.au/1-94-birkley-road-manly-nsw-2095-2013799519"
"MANLY","55 Darley Rd",4,"House",Passed In,"https://www.domain.com.au/55-darley-road-manly-nsw-2095-2013809039"
"MANLY","95 Stuart St",4,"House",4815.0,"https://www.domain.com.au/95-stuart-street-manly-nsw-2095-2013808050"
"MANLY","11/3 Tower St",2,"Unit",1370.0,"https://www.domain.com.au/11-3-tower-street-manly-nsw-2095-2013803404"
"MAROUBRA","381 Avoca St",4,"House",1600.0,"https://www.domain.com.au/381-avoca-street-maroubra-nsw-2035-2013805587"
"MAROUBRA","2/79 Duncan St",2,"Unit",1156.0,"https://www.domain.com.au/2-79-duncan-street-maroubra-nsw-2035-2013805635"
"MAROUBRA","10 Holmes St",3,"House",2300.0,"https://www.domain.com.au/10-holmes-street-maroubra-nsw-2035-2013803658"
"MAROUBRA","36 Marine Pde",4,"House",4900.0,"https://www.domain.com.au/36-marine-parade-maroubra-nsw-2035-2013803656"
"MAROUBRA","14/24-28 Portland Cr",2,"Unit",Passed In,"https://www.domain.com.au/14-24-portland-crescent-maroubra-nsw-2035-2013800434"
"MARRICKVILLE","22 Holmesdale St",4,"House",Price withheld,"https://www.domain.com.au/22-holmesdale-street-marrickville-nsw-2204-2013801255"
"MARRICKVILLE","26/2-4 Wrights Av",1,"Unit",470.0,"https://www.domain.com.au/26-2-4-wrights-avenue-marrickville-nsw-2204-2013802838"
"MARSFIELD","12/12 Adelphi Rd",3,"Villa",1200.0,"https://www.domain.com.au/12-12-adelphi-road-marsfield-nsw-2122-2013803841"
"MARSFIELD","2/1 Libya Pl",3,"Townhouse",Price withheld,"https://www.domain.com.au/2-1-libya-place-marsfield-nsw-2122-2013806035"
"MARSFIELD","8 Oslo St",3,"House",1650.0,"https://www.domain.com.au/8-oslo-street-marsfield-nsw-2122-2013807715"
"MATRAVILLE","95/226-236 Beauchamp Rd",2,"Unit",Price withheld,"https://www.domain.com.au/95-234-beauchamp-road-matraville-nsw-2036-2013805820"
"MATRAVILLE","19 Pozieres Av",2,"House",1721.0,"https://www.domain.com.au/19-pozieres-avenue-matraville-nsw-2036-2013810075"
"MATRAVILLE","31 Windsor St",5,"House",Passed In,"https://www.domain.com.au/31-windsor-street-matraville-nsw-2036-2013784453"
"MCMAHONS POINT","19/14-28 Blues Point Rd",2,"Unit",1430.0,"https://www.domain.com.au/19-14-blues-point-road-mcmahons-point-nsw-2060-2013811354"
"MCMAHONS POINT","12/188 Blues Point Rd",1,"Unit",757.5,"https://www.domain.com.au/12-188-blues-point-road--mcmahons-point-nsw-2060-2013820533"
"MCMAHONS POINT","93/2-4 East Crescent St",0,"Unit",950.0,"https://www.domain.com.au/93-2-4-east-crescent-street-mcmahons-point-nsw-2060-2013796457"
"MCMAHONS POINT","6 West Crescent St",2,"House",8300.0,"https://www.domain.com.au/6-west-crescent-street-mcmahons-point-nsw-2060-2013794320"
"MENAI","41B Carter Rd",3,"Duplex",900.0,"https://www.domain.com.au/41b-carter-road-menai-nsw-2234-2013803088"
"MILPERRA","14 Newland Av",5,"House",Passed In,"https://www.domain.com.au/14-newland-avenue-milperra-nsw-2214-2013804578"
"MILSONS POINT","705/80 Alfred St S",1,"Unit",835.0,"https://www.domain.com.au/705-80-alfred-street-milsons-point-nsw-2061-2013797091"
"MIRANDA","1 The Knoll ",3,"House",1190.0,"https://www.domain.com.au/1-the-knoll-miranda-nsw-2228-2013787725"
"MOSMAN","2 Bay St",7,"House",Withdrawn,"https://www.domain.com.au/2-bay-street-mosman-nsw-2088-2013804738"
"MOSMAN","10/2 Clifford St",2,"Unit",1300.0,"https://www.domain.com.au/10-2-clifford-street-mosman-nsw-2088-2013805696"
"MOSMAN","19A Kardinia Rd",5,"House",Passed In,"https://www.domain.com.au/19a-kardinia-road-mosman-nsw-2088-2013795134"
"MOSMAN","4/24 Lower Almora St",2,"Unit",2009.9999999999998,"https://www.domain.com.au/4-24-lower-almora-street-mosman-nsw-2088-2013798503"
"MOSMAN","16/786 Military Rd",1,"Unit",850.0,"https://www.domain.com.au/16-786-military-road-mosman-nsw-2088-2013807209"
"MOSMAN","109 Spit Rd",3,"House",1705.5,"https://www.domain.com.au/109-spit-road-mosman-nsw-2088-2013802148"
"MOUNT COLAH","5 Stonehaven Rd",4,"House",1392.0,"https://www.domain.com.au/5-stonehaven-road-mount-colah-nsw-2079-2013810366"
"NAREMBURN","63 Mitchell St",4,"House",2380.0,"https://www.domain.com.au/63-mitchell-street-naremburn-nsw-2065-2013806910"
"NAREMBURN","50/2A Palmer St",2,"Unit",Passed In,"https://www.domain.com.au/50-2a-palmer-street-naremburn-nsw-2065-2013817052"
"NAREMBURN","5/252 Willoughby Rd",3,"Townhouse",Passed In,"https://www.domain.com.au/5-252-willoughby-road-naremburn-nsw-2065-2013803654"
"NARRABEEN","14/123-125 Lagoon St",2,"Unit",1100.0,"https://www.domain.com.au/14-123-lagoon-street-narrabeen-nsw-2101-2013728423"
"NARRAWEENA","28 Ronald Av",3,"House",1605.0,"https://www.domain.com.au/28-ronald-avenue-narraweena-nsw-2099-2013804845"
"NARWEE","72 Parry Av",3,"House",1020.0,"https://www.domain.com.au/72-parry-avenue-narwee-nsw-2209-2013805111"
"NEUTRAL BAY","1/9 Anderson St",2,"Unit",1170.0,"https://www.domain.com.au/1-9-anderson-street-neutral-bay-nsw-2089-2013811513"
"NEUTRAL BAY","6/2-4 High View Av",3,"Unit",2015.0000000000002,"https://www.domain.com.au/6-2-4-highview-avenue-neutral-bay-nsw-2089-2013808690"
"NEUTRAL BAY","6/67 Kurraba Rd",2,"Unit",Passed In,"https://www.domain.com.au/6-67-kurraba-road-neutral-bay-nsw-2089-2013806763"
"NEUTRAL BAY","5 Montpelier St",3,"House",2860.0,"https://www.domain.com.au/5-montpelier-street-neutral-bay-nsw-2089-2013584681"
"NEWTOWN","45 Bucknell St",3,"House",1650.0,"https://www.domain.com.au/45-bucknell-street-newtown-nsw-2042-2013788998"
"NEWTOWN","26 Chalder St",2,"House",1425.0,"https://www.domain.com.au/26-chalder-street-newtown-nsw-2042-2013786912"
"NEWTOWN","31 Chelmsford St",1,"House",883.0,"https://www.domain.com.au/31-chelmsford-street-newtown-nsw-2042-2013803797"
"NORTH BALGOWLAH","5 Water Reserve Rd",4,"House",2675.0,"https://www.domain.com.au/5-water-reserve-road-north-balgowlah-nsw-2093-2013816941"
"NORTH BONDI","5/16 Military Rd",2,"Unit",1052.0,"https://www.domain.com.au/5-16-military-road-north-bondi-nsw-2026-2013809363"
"NORTH BONDI","5 Owen St",3,"House",2196.0,"https://www.domain.com.au/5-owen-street-north-bondi-nsw-2026-2013798574"
"NORTH CURL CURL","28 Bellevue Pde",3,"House",2029.9999999999998,"https://www.domain.com.au/28-bellevue-parade-north-curl-curl-nsw-2099-2013808977"
"NORTH CURL CURL","65 Headland Rd",5,"House",Price withheld,"https://www.domain.com.au/65-headland-road-north-curl-curl-nsw-2099-2013806403"
"NORTH EPPING","5 Devlin Rd",4,"House",1970.0,"https://www.domain.com.au/5-devlin-road-north-epping-nsw-2121-2013806914"
"NORTH MANLY","403 Pittwater Rd",3,"House",1970.0,"https://www.domain.com.au/403-pittwater-road-north-manly-nsw-2100-2013808962"
"NORTH NARRABEEN","15/1 Walsh St",2,"Unit",1200.0,"https://www.domain.com.au/15-1-walsh-street-north-narrabeen-nsw-2101-2013803764"
"NORTH PARRAMATTA","85 Isabella St",5,"House",Withdrawn,"https://www.domain.com.au/85-isabella-street-north-parramatta-nsw-2151-2013811615"
"NORTH ROCKS","26 Leysdown Av",4,"House",Passed In,"https://www.domain.com.au/26-leysdown-avenue-north-rocks-nsw-2151-2013799361"
"NORTH RYDE","2A Beatrice St",3,"Duplex",Passed In,"https://www.domain.com.au/2a-beatrice-street-north-ryde-nsw-2113-2013808529"
"NORTH RYDE","29a Farrington Pde",5,"House",Price withheld,"https://www.domain.com.au/29a-farrington-parade-north-ryde-nsw-2113-2013786293"
"NORTH RYDE","19 Folkard St",2,"House",Passed In,"https://www.domain.com.au/19-folkard-street-north-ryde-nsw-2113-2013804832"
"NORTH RYDE","17A Gilda St",5,"House",1800.0,"https://www.domain.com.au/17a-gilda-street-north-ryde-nsw-2113-2013799257"
"NORTH SYDNEY","2/38 Hipwood St",2,"Unit",1031.0,"https://www.domain.com.au/2-38-hipwood-street-north-sydney-nsw-2060-2013810085"
"NORTH SYDNEY","802/9 William St",3,"Unit",1543.0,"https://www.domain.com.au/802-9-william-street-north-sydney-nsw-2060-2013797146"
"NORTHMEAD","10 Thomas St",3,"House",1025.0,"https://www.domain.com.au/10-thomas-st-northmead-nsw-2152-2013802147"
"OATLEY","87 Letitia St",4,"House",1733.0,"https://www.domain.com.au/87-letitia-street-oatley-nsw-2223-2013799497"
"OATLEY","2/36 Rosa St",3,"Villa",1250.0,"https://www.domain.com.au/2-36-rosa-street-oatley-nsw-2223-2013803735"
"OATLEY","1/31 Wonoona Pde E",2,"Unit",712.0,"https://www.domain.com.au/1-31-wonoona-parade-east-oatley-nsw-2223-2013803818"
"PADDINGTON","70 Goodhope St",3,"House",Price withheld,"https://www.domain.com.au/70-goodhope-street-paddington-nsw-2021-2013800223"
"PADDINGTON","36 Selwyn St",2,"House",2160.0,"https://www.domain.com.au/36-selwyn-street-paddington-nsw-2021-2013808723"
"PADSTOW","130 Davies Rd",3,"House",870.0,"https://www.domain.com.au/130-davies-road-padstow-nsw-2211-2013812353"
"PANANIA","56 Picnic Point Rd",4,"House",1186.0,"https://www.domain.com.au/56-picnic-point-road-panania-nsw-2213-2013800937"
"PANANIA","1/134 Tower St",2,"Townhouse",Passed In,"https://www.domain.com.au/1-134-tower-street-panania-nsw-2213-2013806928"
"PANANIA","97A Tower St",4,"House",897.0,"https://www.domain.com.au/97a-tower-street-panania-nsw-2213-2013814677"
"PARRAMATTA","106/3 Sorrell St",3,"Unit",930.0,"https://www.domain.com.au/106-3-sorrell-street-parramatta-nsw-2150-2013801065"
"PEAKHURST HEIGHTS","204 Lorraine St",5,"House",1650.0,"https://www.domain.com.au/204-lorraine-street-peakhurst-heights-nsw-2210-2013802193"
"PENDLE HILL","30 Pendle Wy",3,"House",876.0,"https://www.domain.com.au/30-pendle-way-pendle-hill-nsw-2145-2013801209"
"PENNANT HILLS","47 Loftus Rd",5,"House",Withdrawn,"https://www.domain.com.au/47-loftus-road-pennant-hills-nsw-2120-2013803651"
"PENSHURST","7/21-23 Connelly St",3,"Unit",Passed In,"https://www.domain.com.au/7-21-23-connelly-street-penshurst-nsw-2222-2013806824"
"PETERSHAM","17 Chester St",3,"House",1600.0,"https://www.domain.com.au/17-chester-street-petersham-nsw-2049-2013800131"
"PETERSHAM","12/299 Stanmore Rd",1,"Unit",Price withheld,"https://www.domain.com.au/12-299-stanmore-road-petersham-nsw-2049-2013803290"
"POINT PIPER","1/3 Wyuna Rd",1,"Unit",945.0,"https://www.domain.com.au/1-3-wyuna-road-point-piper-nsw-2027-2013809035"
"PROSPECT","21A Kisdon Cr",3,"House",Passed In,"https://www.domain.com.au/21a-kisdon-crescent-prospect-nsw-2148-2013802276"
"PUNCHBOWL","6 Heath St",4,"House",Passed In,"https://www.domain.com.au/6-heath-street-punchbowl-nsw-2196-2013796250"
"PUNCHBOWL","210 Victoria Rd",3,"House",Passed In,"https://www.domain.com.au/210-victoria-road-punchbowl-nsw-2196-2013799275"
"PYMBLE","31/4-8 Bobbin Head Rd",2,"Unit",1002.8,"https://www.domain.com.au/31-4-8-bobbin-head-road-pymble-nsw-2073-2013793149"
"PYMBLE","55 Pymble Av",5,"House",Withdrawn,"https://www.domain.com.au/55-pymble-avenue-pymble-nsw-2073-2013767006"
"PYMBLE","20 Vista St",4,"House",Passed In,"https://www.domain.com.au/20-vista-street-pymble-nsw-2073-2013776120"
"PYRMONT","511/66 Bowman St",2,"Unit",Price withheld,"https://www.domain.com.au/511-66-bowman-street-pyrmont-nsw-2009-2013808976"
"PYRMONT","M304/26 Cadigal Av",3,"Unit",1595.0,"https://www.domain.com.au/m304-26-cadigal-avenue-pyrmont-nsw-2009-2013804182"
"QUEENSCLIFF","21 Dalley St",4,"House",1850.001,"https://www.domain.com.au/21-dalley-street-queenscliff-nsw-2096-2013805531"
"QUEENSCLIFF","58 Greycliffe St",3,"House",Passed In,"https://www.domain.com.au/58-greycliffe-street-queenscliff-nsw-2096-2013793978"
"RANDWICK","6/57-63 Belmore Rd",2,"Unit",Passed In,"https://www.domain.com.au/6-57-belmore-road-randwick-nsw-2031-2013795125"
"RANDWICK","10 Clovelly Rd",3,"House",Passed In,"https://www.domain.com.au/10-clovelly-road-randwick-nsw-2031-2013804936"
"RANDWICK","5/32-38 Dutruc St",3,"Unit",1360.0,"https://www.domain.com.au/5-32-38-dutruc-street-randwick-nsw-2031-2013793470"
"RANDWICK","48 Dutruc St",4,"House",3200.0,"https://www.domain.com.au/48-dutruc-street-randwick-nsw-2031-2013798307"
"RANDWICK","5/2 Kynaston Av",2,"Unit",1060.0,"https://www.domain.com.au/5-2-kynaston-avenue-randwick-nsw-2031-2013796604"
"REDFERN","19/64-67 Lawson Sq",2,"Unit",975.0,"https://www.domain.com.au/19-64-67-lawson-square-redfern-nsw-2016-2013787121"
"REGENTS PARK","22 Wyatt Av",3,"House",911.0,"https://www.domain.com.au/22-wyatt-avenue-regents-park-nsw-2143-2013805383"
"ROCKDALE","24/53 George St",3,"Unit",866.0,"https://www.domain.com.au/24-53-george-street-rockdale-nsw-2216-2013797805"
"ROOTY HILL","35 Hartington St",2,"House",Passed In,"https://www.domain.com.au/35-hartington-street-rooty-hill-nsw-2766-2013805202"
"ROSEBERY","320/4 Spring St",2,"Unit",785.0,"https://www.domain.com.au/320-4-spring-street-rosebery-nsw-2018-2013793560"
"ROSELANDS","117 Karne St N",2,"House",957.0,"https://www.domain.com.au/117-karne-street-north-roselands-nsw-2196-2013799631"
"ROSELANDS","45A Legge St",4,"House",Passed In,"https://www.domain.com.au/45a-legge-st-roselands-nsw-2196-2013789620"
"ROSEVILLE","51 Carnarvon Rd",5,"House",2400.0,"https://www.domain.com.au/51-carnarvon-road-roseville-nsw-2069-2013809097"
"ROSEVILLE CHASE","7 Earls Ct",4,"House",Price withheld,"https://www.domain.com.au/7-earls-court-roseville-chase-nsw-2069-2013808991"
"RUSHCUTTERS BAY","7/42 Bayswater Rd",1,"Unit",640.0,"https://www.domain.com.au/7-42-bayswater-road-rushcutters-bay-nsw-2011-2013797344"
"RUSSELL LEA","11 Lea Av",3,"House",Price withheld,"https://www.domain.com.au/11-lea-avenue-russell-lea-nsw-2046-2013787543"
"RYDALMERE","33a Hillman Av",5,"Duplex",Passed In,"https://www.domain.com.au/33a-hillman-avenue-rydalmere-nsw-2116-2013799654"
"RYDALMERE","6 Jillong St",3,"House",1290.0,"https://www.domain.com.au/6-jillong-street-rydalmere-nsw-2116-2013798749"
"RYDE","16 Cosimo Pl",3,"House",Passed In,"https://www.domain.com.au/16-cosimo-place-ryde-nsw-2112-2013790558"
"RYDE","5 Maze Av",5,"House",1640.0,"https://www.domain.com.au/5-maze-avenue-ryde-nsw-2112-2013793323"
"RYDE","105 North Rd",6,"House",Passed In,"https://www.domain.com.au/105-north-road-ryde-nsw-2112-2013748405"
"RYDE","250 Quarry Rd",3,"House",1680.0,"https://www.domain.com.au/250-quarry-road-ryde-nsw-2112-2013792655"
"RYDE","16A Richard Johnson Cr",3,"House",1480.0,"https://www.domain.com.au/16a-richard-johnson-crescent-ryde-nsw-2112-2013800936"
"SANS SOUCI","10 Horbury St",4,"House",Passed In,"https://www.domain.com.au/10-horbury-street-sans-souci-nsw-2219-2013807277"
"SANS SOUCI","2/10-12 Ida St",3,"Villa",1006.0,"https://www.domain.com.au/2-10-ida-street-sans-souci-nsw-2219-2013796773"
"SANS SOUCI","46 Vista St",6,"House",Withdrawn,"https://www.domain.com.au/46-vista-street-sans-souci-nsw-2219-2013796774"
"SARATOGA","14 Moonah Av",4,"House",Withdrawn,"https://www.domain.com.au/14-moonah-avenue-saratoga-nsw-2251-2013784910"
"SEAFORTH","3/567 Sydney Rd",3,"Unit",Withdrawn,"https://www.domain.com.au/3-567-sydney-road-seaforth-nsw-2092-2013809022"
"SEVEN HILLS","21 Fuller St",4,"House",1840.0,"https://www.domain.com.au/21-fuller-street-seven-hills-nsw-2147-2013798040"
"SEVEN HILLS","2 Manning Pl",4,"House",Passed In,"https://www.domain.com.au/2-manning-place-seven-hills-nsw-2147-2013799231"
"SOUTH GRANVILLE","126 Mona St",4,"House",Passed In,"https://www.domain.com.au/126-mona-street-granville-nsw-2142-2013800935"
"ST IVES","12 Murchison St",4,"House",Price withheld,"https://www.domain.com.au/12-murchison-street-st-ives-nsw-2075-2013794026"
"ST IVES","36/3-7 Porters La",2,"Unit",1112.0,"https://www.domain.com.au/36-3-7-porters-lane-st-ives-nsw-2075-2013806253"
"ST IVES CHASE","4 Wandeen Pl",5,"House",1850.0,"https://www.domain.com.au/4-wandeen-place-st-ives-nsw-2075-2013791527"
"ST JOHNS PARK","22 Essendon St",5,"House",1200.0,"https://www.domain.com.au/22-essendon-street-st-johns-park-nsw-2176-2013783125"
"ST LEONARDS","39/54-56 Christie St",3,"Unit",2224.0,"https://www.domain.com.au/39-56-christie-street-st-leonards-nsw-2065-2013803653"
"STANHOPE GARDENS","1 Didcot Cl",3,"House",882.5,"https://www.domain.com.au/1-didcot-close-stanhope-gardens-nsw-2768-2013800718"
"STANMORE","3/61A Albany Rd",3,"Terrace",1400.0,"https://www.domain.com.au/3-61a-albany-road-stanmore-nsw-2048-2013797904"
"STANMORE","19 Bruce St",3,"House",2050.0,"https://www.domain.com.au/19-bruce-street-stanmore-nsw-2048-2013797731"
"STANMORE","75 Salisbury Rd",3,"House",Price withheld,"https://www.domain.com.au/75-salisbury-road-stanmore-nsw-2048-2013810530"
"STANMORE","3 Temple St",4,"House",2270.0,"https://www.domain.com.au/3-temple-st-stanmore-nsw-2048-2013786203"
"STRATHFIELD","19 Firth Av",6,"House",Price withheld,"https://www.domain.com.au/19-firth-avenue-strathfield-nsw-2135-2013789727"
"STRATHFIELD","21/569-573 Liverpool Rd",3,"Unit",Passed In,"https://www.domain.com.au/21-569-573-liverpool-road-strathfield-south-nsw-2136-2013798931"
"STRATHFIELD SOUTH","2 The Causeway ",3,"House",Passed In,"https://www.domain.com.au/2-the-causeway-strathfield-south-nsw-2136-2013797882"
"SURRY HILLS","27 Ann St",2,"House",Passed In,"https://www.domain.com.au/27-ann-street-surry-hills-nsw-2010-2013787106"
"SURRY HILLS","27A Ann St",2,"House",Withdrawn,"https://www.domain.com.au/27a-ann-street-surry-hills-nsw-2010-2013791457"
"SURRY HILLS","108/24-38 Bellevue St",1,"Unit",845.0,"https://www.domain.com.au/108-28-bellevue-street-surry-hills-nsw-2010-2013791812"
"SURRY HILLS","406/8 Cooper St",1,"Unit",790.0,"https://www.domain.com.au/406-8-cooper-street-surry-hills-nsw-2010-2013797535"
"SURRY HILLS","1/11-21 Flinders St",2,"Unit",Withdrawn,"https://www.domain.com.au/1-11-21-flinders-street-surry-hills-nsw-2010-2013578787"
"SURRY HILLS","5 McElhone Pl",1,"House",1170.0,"https://www.domain.com.au/5-mcelhone-place-surry-hills-nsw-2010-2013789891"
"SYDNEY","1905/591 George St",2,"Unit",1350.0,"https://www.domain.com.au/1905-591-george-street-sydney-nsw-2000-2013805434"
"SYLVANIA","271 Box Rd",4,"House",1300.0,"https://www.domain.com.au/271-box-road-sylvania-nsw-2224-2013798843"
"TAREN POINT","40 Holt Rd",4,"House",Passed In,"https://www.domain.com.au/40-holt-road-taren-point-nsw-2229-2013800923"
"TENNYSON POINT","15 Kemp St",5,"House",3500.0,"https://www.domain.com.au/15-kemp-street-tennyson-point-nsw-2111-2013790360"
"TENNYSON POINT","94A Tennyson Rd",5,"House",Passed In,"https://www.domain.com.au/94a-tennyson-road-tennyson-point-nsw-2111-2013802611"
"THORNLEIGH","12 Yaralla Cr",2,"House",1285.0,"https://www.domain.com.au/12-yaralla-crescent-thornleigh-nsw-2120-2013804854"
"TOONGABBIE","4/6 Dallas Pl",2,"Villa",Passed In,"https://www.domain.com.au/4-6-dallas-place-toongabbie-nsw-2146-2013824570"
"TURRAMURRA","124 Eastern Rd",5,"House",3500.0,"https://www.domain.com.au/124-eastern-road-turramurra-nsw-2074-2013806931"
"TURRAMURRA","403/28 Turramurra Av",3,"Unit",2300.0,"https://www.domain.com.au/403-28-turramurra-avenue-turramurra-nsw-2074-2013764533"
"ULTIMO","33/344 Bulwara 	 Road ",2,"Unit",913.0,"https://www.domain.com.au/33-344-bulwara-road-ultimo-nsw-2007-2013800422"
"WADALBA","26 Drovers Wy",3,"House",605.0,"https://www.domain.com.au/26-drovers-way-wadalba-nsw-2259-2013799833"
"WAHROONGA","35 Campbell Dr",5,"House",1731.5,"https://www.domain.com.au/35-campbell-drive-wahroonga-nsw-2076-2013809620"
"WAHROONGA","16 Halcyon Av",5,"House",Passed In,"https://www.domain.com.au/16-halcyon-avenue-wahroonga-nsw-2076-2013808585"
"WAHROONGA","60 Woonona Av",3,"House",Price withheld,"https://www.domain.com.au/60-woonona-avenue-wahroonga-nsw-2076-2013809451"
"WAKELEY","4 Box Rd",3,"House",Passed In,"https://www.domain.com.au/4-box-rd-wakeley-nsw-2176-2013792910"
"WAREEMBA","49 Wareemba St",3,"House",Price withheld,"https://www.domain.com.au/49-wareemba-street-wareemba-nsw-2046-2013787279"
"WARRIEWOOD","1/153 Garden St",2,"House",1000.0,"https://www.domain.com.au/1-153-garden-street-warriewood-nsw-2102-2013785809"
"WATERLOO","309/266 Pitt St",2,"Unit",1076.0,"https://www.domain.com.au/309-266-pitt-street-waterloo-nsw-2017-2013808935"
"WATSONS BAY","8 Salisbury St",4,"House",Price withheld,"https://www.domain.com.au/8-salisbury-street-watsons-bay-nsw-2030-2013800184"
"WAVERTON","29 Carr St",4,"House",Passed In,"https://www.domain.com.au/29-carr-street-waverton-nsw-2060-2013790288"
"WAVERTON","11/16 McKye St",2,"Unit",1100.0,"https://www.domain.com.au/11-16-mckye-street-waverton-nsw-2060-2013806924"
"WENTWORTH POINT","416/16 Baywater Dr",2,"Unit",Passed In,"https://www.domain.com.au/416-16-baywater-drive-wentworth-point-nsw-2127-2013795198"
"WEST HOXTON","19 Manton Av",4,"House",Passed In,"https://www.domain.com.au/19-manton-avenue-west-hoxton-nsw-2171-2013783101"
"WEST PYMBLE","31 Lofberg Rd",5,"House",2260.0,"https://www.domain.com.au/31-lofberg-road-west-pymble-nsw-2073-2013809298"
"WEST PYMBLE","94 Wallalong Cr",4,"House",Passed In,"https://www.domain.com.au/94-wallalong-crescent-west-pymble-nsw-2073-2013803664"
"WEST PYMBLE","1 Warrowa Av",4,"House",1968.0,"https://www.domain.com.au/1-warrowa-avenue-west-pymble-nsw-2073-2013794369"
"WEST RYDE","11/44 West Pde",1,"Unit",Passed In,"https://www.domain.com.au/11-44-west-parade-west-ryde-nsw-2114-2013786751"
"WILEY PARK","9 Edge St",3,"House",850.0,"https://www.domain.com.au/9-edge-street-wiley-park-nsw-2195-2013786294"
"WINSTON HILLS","8 McMillan Av",4,"House",950.0,"https://www.domain.com.au/8-mcmillan-avenue-winston-hills-nsw-2153-2013788297"
"WOLLSTONECRAFT","10/108-110 Shirley Rd",2,"Unit",1010.9999999999999,"https://www.domain.com.au/10-108-shirley-rd-wollstonecraft-nsw-2065-2013790709"
"WOOLLAHRA","5 Glencoe Rd",5,"House",Price withheld,"https://www.domain.com.au/5-glencoe-road-woollahra-nsw-2025-2013799946"
"YAGOONA","20 Brunker Rd",4,"House",792.0,"https://www.domain.com.au/20-brunker-road-yagoona-nsw-2199-2013803336"
"YAGOONA","15 Caldwell Pde",3,"House",950.0,"https://www.domain.com.au/15-caldwell-parade-yagoona-nsw-2199-2013802892"
"YAGOONA","173 Gascoigne Rd",2,"House",795.5,"https://www.domain.com.au/173-gascoigne-road-yagoona-nsw-2199-2013798991"
"YAGOONA","157 Rose St",3,"House",810.5,"https://www.domain.com.au/157-rose-street-yagoona-nsw-2199-2013800288"
"YAGOONA","38 Ward St",4,"House",1010.9999999999999,"https://www.domain.com.au/38-ward-street-yagoona-nsw-2199-2013820104"
"ZETLAND","25/1 Defries Av",2,"Unit",941.0,"https://www.domain.com.au/25-1-defries-avenue-zetland-nsw-2017-2013807272"
"ZETLAND","6/30 Gadigal Av",1,"Unit",698.0,"https://www.domain.com.au/6-30-gadigal-avenue-zetland-nsw-2017-2013798995"
"ZETLAND","530/8 Victoria Park Pde",2,"Unit",1010.0,"https://www.domain.com.au/530-8-victoria-park-parade-zetland-nsw-2017-2013800983"
