"Suburb","Address",Bedroom,"Type",Price,"Link"
"ABBOTSBURY","10 Nowland Pl",5,"House",Passed In,"https://www.domain.com.au/10-nowland-place-abbotsbury-nsw-2176-2013777035"
"ABBOTSFORD","12/1 Harbourview Cr",3,"Unit",2214.0,"https://www.domain.com.au/12-1-harbourview-crescent-abbotsford-nsw-2046-2013769662"
"ALEXANDRIA","404/2-20 Botany Rd",1,"Unit",772.5,"https://www.domain.com.au/404-2-20-botany-road-enter-via-8-boundary-street--alexandria-nsw-2015-2013789260"
"ALEXANDRIA","144/362 Mitchell Rd",2,"Unit",Passed In,"https://www.domain.com.au/144-362-mitchell-road-alexandria-nsw-2015-2013787952"
"ANNANDALE","59 Ferris St",2,"House",1026.0,"https://www.domain.com.au/59-ferris-street-annandale-nsw-2038-2013789442"
"ASHFIELD","89/2A Brown St",2,"Unit",855.0,"https://www.domain.com.au/89-2a-brown-street-ashfield-nsw-2131-2013783251"
"ASHFIELD","4/134-136 Frederick St",1,"Unit",510.0,"https://www.domain.com.au/4-134-frederick-street-ashfield-nsw-2131-2013777882"
"ASQUITH","12 Michigan Av",3,"House",Passed In,"https://www.domain.com.au/12-michigan-avenue-asquith-nsw-2077-2013796656"
"AUBURN","1 Gibbs St",5,"House",Passed In,"https://www.domain.com.au/1-gibbs-street-auburn-nsw-2144-2013772722"
"BALGOWLAH","25 Rickard St",3,"Semi",1900.0,"https://www.domain.com.au/25-rickard-street-balgowlah-nsw-2093-2013788221"
"BALGOWLAH","2/21 Seaview St",3,"House",1625.0,"https://www.domain.com.au/2-21-seaview-street-balgowlah-nsw-2093-2013788599"
"BALGOWLAH","1/299 Sydney Rd",3,"Unit",Passed In,"https://www.domain.com.au/1-299-sydney-road-balgowlah-nsw-2093-2013785278"
"BALGOWLAH HEIGHTS","9 Willawa St",4,"House",2645.0,"https://www.domain.com.au/9-willawa-street-balgowlah-heights-nsw-2093-2013788864"
"BALMAIN","5 Carieville St",3,"House",Passed In,"https://www.domain.com.au/5-carieville-street-balmain-nsw-2041-2013785243"
"BALMAIN","2 Caroline St",3,"House",2515.0,"https://www.domain.com.au/2-caroline-street-balmain-nsw-2041-2013773235"
"BALMAIN","5/55 Mullens St",3,"Townhouse",1687.0,"https://www.domain.com.au/5-55-mullens-street-balmain-nsw-2041-2013788977"
"BANGOR","40 Bodalla Cr",4,"House",1335.0,"https://www.domain.com.au/40-bodalla-crescent-bangor-nsw-2234-2013782272"
"BANGOR","1/15 Dulin Cl",4,"Semi",975.0,"https://www.domain.com.au/1-15-dulin-close-bangor-nsw-2234-2013789963"
"BANKSIA","54 Tabrett St",3,"House",1350.0,"https://www.domain.com.au/54-tabrett-st-banksia-nsw-2216-2013786198"
"BANKSTOWN","225 Canterbury Rd",2,"House",680.0,"https://www.domain.com.au/225-canterbury-road-bankstown-nsw-2200-2013806927"
"BANKSTOWN","37A Marshall St",3,"House",975.0,"https://www.domain.com.au/37a-marshall-street-bankstown-nsw-2200-2013790193"
"BARDWELL VALLEY","5 Mawson St",3,"House",1470.0,"https://www.domain.com.au/5-mawson-street-bardwell-valley-nsw-2207-2013784745"
"BASS HILL","63 Australia St",3,"House",796.0,"https://www.domain.com.au/63-australia-street-bass-hill-nsw-2197-2013782680"
"BASS HILL","76 Cann St",4,"Duplex",863.0,"https://www.domain.com.au/76-cann-street-bass-hill-nsw-2197-2013783237"
"BATEAU BAY","1/21-23 Adrian Cl",3,"House",Passed In,"https://www.domain.com.au/1-21-23-adrian-cl-bateau-bay-nsw-2261-2013776972"
"BATEAU BAY","2 Altona Av",2,"House",765.0,"https://www.domain.com.au/2-altona-avenue-bateau-bay-nsw-2261-2013783031"
"BATEAU BAY","5 Clyde Cl",3,"House",586.0,"https://www.domain.com.au/5-clyde-cl-bateau-bay-nsw-2261-2013782251"
"BATEAU BAY","25 Rays Rd",4,"House",Passed In,"https://www.domain.com.au/25-rays-road-bateau-bay-nsw-2261-2013780473"
"BAULKHAM HILLS","60 Hilda Rd",3,"House",Price withheld,"https://www.domain.com.au/60-hilda-road-baulkham-hills-nsw-2153-2013789585"
"BAULKHAM HILLS","35 Oakland Av",5,"House",1460.0,"https://www.domain.com.au/35-oakland-ave-baulkham-hills-nsw-2153-2013801869"
"BEACON HILL","21 Courtley Rd",3,"House",1656.0,"https://www.domain.com.au/21-courtley-road-beacon-hill-nsw-2100-2013790838"
"BEACON HILL","8 Gilles Cr",3,"House",1702.0,"https://www.domain.com.au/8-gilles-crescent-beacon-hill-nsw-2100-2013804221"
"BEACON HILL","50 Lady Penrhyn Dr",5,"House",3200.0,"https://www.domain.com.au/50-lady-penrhyn-drive-beacon-hill-nsw-2100-2013753097"
"BEECROFT","124A Murray Farm Rd",3,"House",Price withheld,"https://www.domain.com.au/124a-murray-farm-road-beecroft-nsw-2119-2013785749"
"BELLA VISTA","7a Bingara Cr",3,"Semi",1075.0,"https://www.domain.com.au/7a-bingara-crescent-bella-vista-nsw-2153-2013783950"
"BELLEVUE HILL","4/33 Balfour Rd",2,"Unit",1135.0,"https://www.domain.com.au/4-33-balfour-road-bellevue-hill-nsw-2023-2013797529"
"BELMORE","10 Passey Av",3,"House",1300.0,"https://www.domain.com.au/10-passey-avenue-belmore-nsw-2192-2013792813"
"BEXLEY","17 Halley Av",3,"House",1600.0,"https://www.domain.com.au/17-halley-avenue-bexley-nsw-2207-2013780704"
"BILGOLA PLATEAU","8 Algona St",4,"House",Passed In,"https://www.domain.com.au/8-algona-street-bilgola-plateau-nsw-2107-2013793382"
"BILGOLA PLATEAU","7 Mountview Pl",4,"House",Passed In,"https://www.domain.com.au/7-mountview-place-bilgola-plateau-nsw-2107-2013793455"
"BIRRONG","12 Gazzard St",2,"House",995.0,"https://www.domain.com.au/12-gazzard-st-birrong-nsw-2143-2013794277"
"BLACKTOWN","21 Charles St",3,"House",Passed In,"https://www.domain.com.au/21-charles-street-blacktown-nsw-2148-2013696676"
"BLUE HAVEN","19 Daintree Cr",4,"House",535.0,"https://www.domain.com.au/19-daintree-crescent-blue-haven-nsw-2262-2013784282"
"BONDI","6/22 Glen St",3,"Unit",Withdrawn,"https://www.domain.com.au/6-22-glen-street-bondi-beach-nsw-2026-2013781844"
"BONDI BEACH","6/7 O'Brien St",2,"Unit",1185.0,"https://www.domain.com.au/6-7-o-brien-street-bondi-beach-nsw-2026-2013790543"
"BOSSLEY PARK","8 Eden Pl",4,"House",950.0,"https://www.domain.com.au/8-eden-place-bossley-park-nsw-2176-2013785367"
"BOTANY","9 Cranbrook St",3,"House",1403.0,"https://www.domain.com.au/9-cranbook-street-botany-nsw-2019-2013794488"
"BREAKFAST POINT","41/5 Woodlands Av",3,"Unit",1350.0,"https://www.domain.com.au/41-5-woodlands-avenue-breakfast-point-nsw-2137-2013789154"
"BRIGHTON-LE-SANDS","3/14 Sellwood St",2,"Unit",715.0,"https://www.domain.com.au/3-14-sellwood-street-brighton-le-sands-nsw-2216-2013783264"
"BRONTE","19A Gardyne St",4,"House",4900.0,"https://www.domain.com.au/19a-gardyne-street-bronte-nsw-2024-2013771913"
"BRONTE","32 Hewlett St",4,"House",4425.0,"https://www.domain.com.au/32-hewlett-street-bronte-nsw-2024-2013780140"
"BROOKVALE","55/48A Consul Rd",3,"Townhouse",Price withheld,"https://www.domain.com.au/55-48a-consul-road-brookvale-nsw-2100-2013791897"
"BROOKVALE","7/21 Pine Av",2,"Unit",1000.0,"https://www.domain.com.au/7-21-pine-avenue-brookvale-nsw-2100-2013809273"
"BUFF POINT","63 Buff Point Av",4,"House",741.0,"https://www.domain.com.au/63-buff-point-avenue-buff-point-nsw-2262-2013784166"
"CABRAMATTA","343 Cabramatta Rd W",3,"House",1030.0,"https://www.domain.com.au/343-cabramatta-road-cabramatta-nsw-2166-2013785113"
"CABRAMATTA WEST","23 Deller Av",3,"House",795.0,"https://www.domain.com.au/23-deller-ave-cabramatta-west-nsw-2166-2013780095"
"CAMMERAY","23/1 Amherst St",2,"Unit",1360.0,"https://www.domain.com.au/23-1-amherst-street-cammeray-nsw-2062-2013794223"
"CAMMERAY","4/39 Churchill Cr",3,"Unit",Price withheld,"https://www.domain.com.au/4-39-churchill-crescent-cammeray-nsw-2062-2013795165"
"CAMMERAY","2/215 Ernest St",1,"Unit",713.0,"https://www.domain.com.au/2-215-ernest-street-cammeray-nsw-2062-2013792310"
"CAMPERDOWN","32/124-126 Parramatta Rd",2,"Unit",900.0,"https://www.domain.com.au/32-124-126-parramatta-road-camperdown-nsw-2050-2013789599"
"CAMPERDOWN","1302/1 Sterling Cct",1,"Unit",Passed In,"https://www.domain.com.au/1302-1-sterling-circuit-camperdown-nsw-2050-2013791486"
"CARINGBAH SOUTH","230 Willarong Rd",3,"House",1630.0,"https://www.domain.com.au/230-willarong-road-caringbah-nsw-2229-2013789229"
"CARLINGFORD","10 Bellevue Dr",3,"House",1270.0,"https://www.domain.com.au/10-bellevue-drive-carlingford-nsw-2118-2013783070"
"CARLINGFORD","5 Campton Ct",4,"House",Passed In,"https://www.domain.com.au/5-campton-court-carlingford-nsw-2118-2013790783"
"CARLINGFORD","72 Christel Av",4,"House",Passed In,"https://www.domain.com.au/72-christel-avenue-carlingford-nsw-2118-2013783072"
"CARLINGFORD","45 Pinetree Dr",5,"House",2510.0,"https://www.domain.com.au/45-pinetree-drive-carlingford-nsw-2118-2013788280"
"CARLINGFORD","24/24-26 Post Office St",2,"Unit",925.001,"https://www.domain.com.au/24-24-26-post-office-street-carlingford-nsw-2118-2013788789"
"CARLINGFORD","27 Wondabah Pl",4,"House",1750.0,"https://www.domain.com.au/27-wondabah-place-carlingford-nsw-2118-2013789703"
"CASTLE HILL","28 Highclere Pl",4,"House",Price withheld,"https://www.domain.com.au/28-highclere-place-castle-hill-nsw-2154-2013600616"
"CASTLE HILL","9 Hilloak Ct",5,"House",1735.0,"https://www.domain.com.au/9-hilloak-court-castle-hill-nsw-2154-2013775364"
"CASTLE HILL","72 Pentonville Pde",6,"House",1601.0,"https://www.domain.com.au/72-pentonville-parade-castle-hill-nsw-2154-2013787089"
"CASULA","6 Almond Pl",5,"House",1402.0,"https://www.domain.com.au/6-almond-place-casula-nsw-2170-2013781902"
"CHATSWOOD","38 Anglo St",4,"House",Price withheld,"https://www.domain.com.au/38-anglo-street-chatswood-nsw-2067-2013788608"
"CHATSWOOD","150/14 Brown St",2,"Unit",1180.0,"https://www.domain.com.au/150-14-brown-street-chatswood-nsw-2067-2013792309"
"CHATSWOOD","2A MacArtney Av",3,"House",Price withheld,"https://www.domain.com.au/2a-macartney-ave-chatswood-nsw-2067-2013786043"
"CHATSWOOD","101B/28 Whitton Rd",2,"Unit",1280.0,"https://www.domain.com.au/101b-28-whitton-rd-chatswood-nsw-2067-2013792922"
"CHERRYBROOK","2/53 County Dr",4,"House",1090.0,"https://www.domain.com.au/2-53-county-drive-cherrybrook-nsw-2126-2013774048"
"CHERRYBROOK","41 Macquarie Dr",4,"House",1535.0,"https://www.domain.com.au/41-macquarie-drive-cherrybrook-nsw-2126-2013790327"
"CHERRYBROOK","6 McKinley Pl",5,"House",1460.0,"https://www.domain.com.au/6-mckinley-place-cherrybrook-nsw-2126-2013786560"
"CHESTER HILL","28 Alpha St",3,"House",Passed In,"https://www.domain.com.au/28-alpha-st-chester-hill-nsw-2162-2013783321"
"CHESTER HILL","60 Jocelyn St",6,"House",1360.0,"https://www.domain.com.au/60-jocelyn-street-chester-hill-nsw-2162-2013785151"
"CHISWICK","76 Blackwall Point Rd",3,"House",1570.0,"https://www.domain.com.au/76-blackwall-point-road-chiswick-nsw-2046-2013791147"
"CLOVELLY","1/8 Cliffbrook Pde",2,"Unit",2550.0,"https://www.domain.com.au/1-8-cliffbrook-parade-clovelly-nsw-2031-2013779505"
"CLOVELLY","22 Clifton Rd",3,"House",2350.0,"https://www.domain.com.au/22-clifton-road-clovelly-nsw-2031-2013774171"
"CLOVELLY","16 Fewings St",3,"House",Price withheld,"https://www.domain.com.au/16-fewings-street-clovelly-nsw-2031-2013782312"
"COLLAROY PLATEAU","60 Aubreen St",5,"House",2700.0,"https://www.domain.com.au/60-aubreen-street-collaroy-plateau-nsw-2097-2013770511"
"COMO","16 Inelgah Rd",4,"House",1060.6,"https://www.domain.com.au/16-inelgah-road-como-nsw-2226-2013786120"
"CONCORD","2 Jellicoe St",4,"House",2850.0,"https://www.domain.com.au/2-jellicoe-street-concord-nsw-2137-2013775747"
"CONCORD","3/11 Norman St",3,"Townhouse",1100.0,"https://www.domain.com.au/3-11-15-norman-street-concord-nsw-2137-2013790439"
"CONCORD","37 Patterson St",2,"House",1815.0,"https://www.domain.com.au/37-patterson-street-concord-nsw-2137-2013775741"
"CONCORD","3 Zoeller St",4,"House",2460.0,"https://www.domain.com.au/3-zoeller-street-concord-nsw-2137-2013756758"
"CONDELL PARK","46 Gleeson Av",3,"House",1045.0,"https://www.domain.com.au/46-gleeson-avenue-condell-park-nsw-2200-2013785644"
"CONSTITUTION HILL","14 Prune St",3,"House",930.0,"https://www.domain.com.au/14-prune-street-constitution-hill-nsw-2145-2013786033"
"COOGEE","2/269 Arden St",3,"Unit",1525.0,"https://www.domain.com.au/2-269-arden-street-coogee-nsw-2034-2013788326"
"COOGEE","6/62-64 Dudley St",1,"Unit",920.0,"https://www.domain.com.au/6-62-dudley-street-coogee-nsw-2034-2013778377"
"CREMORNE","3/224 Ben Boyd Rd",3,"Unit",1351.0,"https://www.domain.com.au/3-224-ben-boyd-road-cremorne-nsw-2090-2013792327"
"CREMORNE","204/7 Parraween St",2,"Unit",1175.0,"https://www.domain.com.au/204-7-parraween-street-cremorne-nsw-2090-2013791022"
"CREMORNE","14/136-138 Spencer Rd",2,"Unit",Price withheld,"https://www.domain.com.au/14-136-138-spencer-road-cremorne-nsw-2090-2013774697"
"CREMORNE","28/102 Young St",2,"Unit",Passed In,"https://www.domain.com.au/28-102-young-street-cremorne-nsw-2090-2013794745"
"CREMORNE POINT","1/25 Milson Rd",3,"Unit",Passed In,"https://www.domain.com.au/1-25-milson-road-cremorne-point-nsw-2090-2013774411"
"CROMER","23 Howse Cr",3,"House",1700.0,"https://www.domain.com.au/23-howse-crescent-cromer-nsw-2099-2013772475"
"CROMER","2 Kanini Cl",3,"House",1350.0,"https://www.domain.com.au/2-kanini-close-cromer-nsw-2099-2013792316"
"CROMER","41A Toronto Av",3,"House",1317.5,"https://www.domain.com.au/41a-toronto-avenue-cromer-nsw-2099-2013791843"
"CRONULLA","18/9 Lucas St",3,"Unit",1200.0,"https://www.domain.com.au/18-9-lucas-street-cronulla-nsw-2230-2013790301"
"CRONULLA","10/14 Parramatta St",2,"Unit",833.5,"https://www.domain.com.au/10-14-parramatta-street-cronulla-nsw-2230-2013793952"
"CRONULLA","27 Riverview Av",4,"House",Withdrawn,"https://www.domain.com.au/27-riverview-avenue-cronulla-nsw-2230-2013790306"
"CRONULLA","1/47 The Esplanade ",3,"Townhouse",3275.0,"https://www.domain.com.au/1-47-the-esplanade-cronulla-nsw-2230-2013755727"
"CROWS NEST","87 Atchison St",2,"House",2225.0,"https://www.domain.com.au/87-atchison-street-crows-nest-nsw-2065-2013795123"
"CROWS NEST","31 Huntington St",2,"House",Price withheld,"https://www.domain.com.au/31-huntington-street-crows-nest-nsw-2065-2013790124"
"CROYDON PARK","2/18-22 Clyde St",2,"Unit",700.0,"https://www.domain.com.au/2-18-clyde-street-croydon-park-nsw-2133-2013783315"
"CROYDON PARK","30 Walsh Av",2,"House",1210.0,"https://www.domain.com.au/30-walsh-avenue-croydon-park-nsw-2133-2013783936"
"DARLINGHURST","1/280 Liverpool St",3,"Unit",1601.0,"https://www.domain.com.au/1-280-liverpool-street-darlinghurst-nsw-2010-2013778596"
"DARLINGHURST","28/14 Royston St",1,"Unit",656.0,"https://www.domain.com.au/28-14-royston-street-darlinghurst-nsw-2010-2013776967"
"DARLINGTON","47 Ivy St",2,"House",1335.0,"https://www.domain.com.au/47-ivy-street-darlington-nsw-2008-2013776313"
"DARLINGTON","405/181 Lawson St",3,"Unit",1750.0,"https://www.domain.com.au/405-181-lawson-street-darlington-nsw-2008-2013777874"
"DEE WHY","5/1 Boronia St",2,"Unit",950.0,"https://www.domain.com.au/5-1-7-boronia-street-dee-why-nsw-2099-2013778814"
"DEE WHY","12/59-63 Howard Av",2,"Unit",1055.0,"https://www.domain.com.au/12-59-howard-avenue-dee-why-nsw-2099-2013795367"
"DEE WHY","59/4-16 Kingsway ",2,"Unit",900.0,"https://www.domain.com.au/59-4-16-kingsway-dee-why-nsw-2099-2013794305"
"DENISTONE EAST","31A Cecil St",4,"House",1445.0,"https://www.domain.com.au/31a-cecil-street-denistone-east-nsw-2112-2013782333"
"DOONSIDE","6 Batten Pl",8,"House",935.0,"https://www.domain.com.au/6-batten-place-doonside-nsw-2767-2013791905"
"DOONSIDE","113 Hill End Rd",3,"House",726.0,"https://www.domain.com.au/113-hillend-road-doonside-nsw-2767-2013786561"
"DRUMMOYNE","8/30 Drummoyne Av",2,"Unit",1208.0,"https://www.domain.com.au/8-30-drummoyne-avenue-drummoyne-nsw-2047-2013788976"
"DRUMMOYNE","64 Renwick St",4,"House",Passed In,"https://www.domain.com.au/64-renwick-street-drummoyne-nsw-2047-2013788943"
"DRUMMOYNE","16 Thompson St",2,"House",1840.0,"https://www.domain.com.au/16-thompson-street-drummoyne-nsw-2047-2013790387"
"DUNDAS VALLEY","38 Simpson St",2,"House",Price withheld,"https://www.domain.com.au/38-simpson-street-dundas-valley-nsw-2117-2013794933"
"EARLWOOD","8B/83 Homer St",3,"Unit",750.0,"https://www.domain.com.au/8b-83-homer-street-earlwood-nsw-2206-2013789949"
"EARLWOOD","21 Shaw Av",3,"House",Passed In,"https://www.domain.com.au/21-shaw-avenue-earlwood-nsw-2206-2013765090"
"EARLWOOD","15/84 Wardell Rd",3,"House",1135.0,"https://www.domain.com.au/15-84-wardell-road-earlwood-nsw-2206-2013790379"
"EASTLAKES","4/34 Barber Av",2,"Unit",676.0,"https://www.domain.com.au/4-34-barber-avenue-eastlakes-nsw-2018-2013782750"
"EASTLAKES","3 George St",2,"House",1004.9999999999999,"https://www.domain.com.au/3-george-street-eastlakes-nsw-2018-2013793813"
"EASTWOOD","26 Birchgrove Cr",5,"House",1975.0,"https://www.domain.com.au/26-birchgrove-crescent-eastwood-nsw-2122-2013784676"
"EASTWOOD","11 Harley Cr",5,"House",2015.0000000000002,"https://www.domain.com.au/11-harley-crescent-eastwood-nsw-2122-2013794191"
"EASTWOOD","82A Tarrants Av",5,"House",Passed In,"https://www.domain.com.au/82a-tarrants-avenue-eastwood-nsw-2122-2013794527"
"EDENSOR PARK","22 Condello Cr",6,"House",865.0,"https://www.domain.com.au/22-condello-crescent-edensor-park-nsw-2176-2013789664"
"EDGECLIFF","902/170 Ocean St",3,"Unit",2750.0,"https://www.domain.com.au/902-170-ocean-street-edgecliff-nsw-2027-2013778452"
"EDMONDSON PARK","9 Ladysmith Dr",4,"House",857.0,"https://www.domain.com.au/9-ladysmith-drive-edmondson-park-nsw-2174-2013787855"
"ELANORA HEIGHTS","13A Allawah Av",1,"Semi",900.0,"https://www.domain.com.au/13a-allawah-avenue-elanora-heights-nsw-2101-2013793026"
"EPPING","4 Dunlop St",5,"House",2656.0,"https://www.domain.com.au/4-dunlop-street-epping-nsw-2121-2013794193"
"EPPING","44 Somerset St",5,"House",Passed In,"https://www.domain.com.au/44-somerset-street-epping-nsw-2121-2013772039"
"ERMINGTON","5 Cleveland St",5,"House",Price withheld,"https://www.domain.com.au/5-cleveland-street-ermington-nsw-2115-2013784036"
"ERSKINEVILLE","29A Ashmore St",2,"House",1424.0,"https://www.domain.com.au/29a-ashmore-street-erskineville-nsw-2043-2013790354"
"ERSKINEVILLE","72 Erskineville Rd",3,"House",Passed In,"https://www.domain.com.au/72-erskienville-road-erskineville-nsw-2043-2013787549"
"ERSKINEVILLE","87/20 Eve St",2,"Unit",1014.9999999999999,"https://www.domain.com.au/87-20-eve-street-erskineville-nsw-2043-2013786677"
"FAIRFIELD","44 Cathcart St",4,"House",Price withheld,"https://www.domain.com.au/44-cathcart-street-fairfield-nsw-2165-2013770629"
"FAIRFIELD","12 Eton St",4,"House",1222.0,"https://www.domain.com.au/12-eton-street-fairfield-nsw-2165-2013784950"
"FAIRFIELD WEST","34 Chadwick Cr",6,"House",783.0,"https://www.domain.com.au/34-chadwick-cres-fairfield-west-nsw-2165-2013784540"
"FIVE DOCK","36 Preston Av",2,"House",2125.0,"https://www.domain.com.au/36-preston-avenue-five-dock-nsw-2046-2013766943"
"FRENCHS FOREST","3 Warung Av",4,"House",1415.0,"https://www.domain.com.au/3-warung-avenue-frenchs-forest-nsw-2086-2013793931"
"FRESHWATER","23/28 McDonald St",2,"Unit",965.0,"https://www.domain.com.au/23-28-mcdonald-street-freshwater-nsw-2096-2013779149"
"GLADESVILLE","16/3 Cowell St",2,"Unit",Passed In,"https://www.domain.com.au/16-3-cowell-street-gladesville-nsw-2111-2013762511"
"GLADESVILLE","13 Raven St",4,"House",2756.0,"https://www.domain.com.au/13-raven-street-gladesville-nsw-2111-2013788850"
"GLEBE","37 Forsyth St",3,"House",Withdrawn,"https://www.domain.com.au/37-forsyth-street-glebe-nsw-2037-2013786108"
"GLENHAVEN","5 Craigton Pl",4,"House",Withdrawn,"https://www.domain.com.au/5-craigton-place-glenhaven-nsw-2156-2013792307"
"GLENWOOD","8 Pluto Ct",4,"House",986.0,"https://www.domain.com.au/8-pluto-court-glenwood-nsw-2768-2013790682"
"GORDON","3/711 Pacific Hwy",2,"Unit",820.0,"https://www.domain.com.au/3-711-pacific-highway-gordon-nsw-2072-2013791901"
"GRANVILLE","45 O'Neill St",5,"House",845.0,"https://www.domain.com.au/45-o-neill-street-granville-nsw-2142-2013784636"
"GREEN POINT","11 Victor Cl",5,"House",1200.0,"https://www.domain.com.au/11-victor-close-green-point-nsw-2251-2013786811"
"GREEN POINT","12 Willowglen Cl",3,"House",Price withheld,"https://www.domain.com.au/12-willowglen-close-green-point-nsw-2251-2013784176"
"GREEN VALLEY","2 Dunk Cl",4,"House",683.0,"https://www.domain.com.au/2-dunk-close-green-valley-nsw-2168-2013786113"
"GREENACRE","160 Wilbur St",3,"House",1250.0,"https://www.domain.com.au/160-wilbur-street-greenacre-nsw-2190-2013799670"
"GREENACRE","4 Wilbur St",2,"House",1120.0,"https://www.domain.com.au/4-wilbur-street-greenacre-nsw-2190-2013785842"
"GREYSTANES","192 Greystanes Rd",3,"House",Passed In,"https://www.domain.com.au/192-greystanes-road-greystanes-nsw-2145-2013784158"
"GREYSTANES","4 Hoad Pl",4,"House",Passed In,"https://www.domain.com.au/4-hoad-place-greystanes-nsw-2145-2013787875"
"GUILDFORD","199 Guildford Rd",4,"House",900.0,"https://www.domain.com.au/199-guildford-road-guildford-nsw-2161-2013799856"
"HARRIS PARK","8/39 Bowden St",2,"Unit",541.0,"https://www.domain.com.au/8-39-41-bowden-street-harris-park-nsw-2150-2013789658"
"HOMEBUSH","24/69-73 Park Rd",2,"Unit",Price withheld,"https://www.domain.com.au/24-69-73-park-road-homebush-nsw-2140-2013781202"
"HORNSBY","25 Denison St",4,"House",1371.0,"https://www.domain.com.au/25-denison-street-hornsby-nsw-2077-2013791728"
"HOXTON PARK","28 Windle Av",4,"House",Price withheld,"https://www.domain.com.au/28-windle-ave-hoxton-park-nsw-2171-2013783686"
"HURSTVILLE","84 Gloucester Rd",5,"House",1630.0,"https://www.domain.com.au/84-gloucester-road-hurstville-nsw-2220-2013685803"
"HURSTVILLE","E1601/2 Jack Brabham Dr",2,"Unit",852.0,"https://www.domain.com.au/e1601-2-jack-brabham-drive-hurstville-nsw-2220-2013787349"
"ILLAWONG","28 Fowler Rd",5,"House",2050.0,"https://www.domain.com.au/28-fowler-road-illawong-nsw-2234-2013786371"
"KELLYVILLE","2 Connaught Cct",4,"House",1320.0,"https://www.domain.com.au/2-connaught-circuit-kellyville-nsw-2155-2013785406"
"KELLYVILLE","41 Craven St",4,"House",Price withheld,"https://www.domain.com.au/41-craven-st-kellyville-nsw-2155-2013831186"
"KELLYVILLE","36 Duncraig Dr",4,"House",1180.0,"https://www.domain.com.au/36-duncraig-drive-kellyville-nsw-2155-2013786101"
"KELLYVILLE RIDGE","17 Wymar St",5,"House",1232.0,"https://www.domain.com.au/17-wymar-street-kellyville-ridge-nsw-2155-2013764401"
"KENSINGTON","1/2 Milroy Av",3,"Townhouse",Price withheld,"https://www.domain.com.au/1-2-milroy-avenue-kensington-nsw-2033-2013784983"
"KENSINGTON","87 Mooramie Av",4,"House",Passed In,"https://www.domain.com.au/87-mooramie-avenue-kensington-nsw-2033-2013776704"
"KENSINGTON","15/5 Samuel Terry Av",3,"Unit",Passed In,"https://www.domain.com.au/15-5-samuel-terry-avenue-kensington-nsw-2033-2013790283"
"KILLARNEY HEIGHTS","114 Starkey St",4,"House",Price withheld,"https://www.domain.com.au/114-starkey-street-killarney-heights-nsw-2087-2013775439"
"KINGSFORD","4/43-45 Meeks St",3,"Unit",1201.0,"https://www.domain.com.au/4-43-45-meeks-street-kingsford-nsw-2032-2013781686"
"KINGSGROVE","88a Morgan St",5,"House",Passed In,"https://www.domain.com.au/88a-morgan-st-kingsgrove-nsw-2208-2013773125"
"KIRRAWEE","2/17-21 Clements Pde",3,"Townhouse",Passed In,"https://www.domain.com.au/2-17-21-clements-parade-kirrawee-nsw-2232-2013785604"
"KIRRAWEE","3/465 The Boulevarde ",3,"Townhouse",830.0,"https://www.domain.com.au/3-465-the-boulevarde-kirrawee-nsw-2232-2013790593"
"KIRRAWEE","515 The Boulevarde ",3,"House",1115.0,"https://www.domain.com.au/515-the-boulevarde-kirrawee-nsw-2232-2013783349"
"KIRRIBILLI","11/29 Carabella St",2,"Unit",Passed In,"https://www.domain.com.au/11-29-carabella-street-kirribilli-nsw-2061-2013788995"
"KOGARAH","4/23 Bellevue St",2,"Unit",642.0,"https://www.domain.com.au/4-23-bellevue-street-kogarah-nsw-2217-2013794828"
"KOGARAH BAY","3 Mayor St",5,"House",2275.0,"https://www.domain.com.au/3-mayor-street-kogarah-bay-nsw-2217-2013783563"
"KURRABA POINT","126 Kurraba Rd",4,"Semi",Passed In,"https://www.domain.com.au/126-kurraba-road-neutral-bay-nsw-2089-2013781901"
"KURRABA POINT","17/143 Kurraba Rd",1,"Unit",780.0,"https://www.domain.com.au/17-143-kurraba-road-neutral-bay-nsw-2089-2013790270"
"LANE COVE","23/300A Burns Bay Rd",3,"Unit",950.0,"https://www.domain.com.au/23-300a-burns-bay-road-lane-cove-nsw-2066-2013791470"
"LANE COVE","1/38 Cope St",2,"Unit",705.0,"https://www.domain.com.au/1-38-cope-street-lane-cove-nsw-2066-2013790912"
"LANE COVE","9/12-14 Epping Rd",2,"Unit",700.0,"https://www.domain.com.au/9-12-14-epping-road-lane-cove-nsw-2066-2013790417"
"LANE COVE","4/464-470 Pacific Hwy",2,"Unit",880.0,"https://www.domain.com.au/4-464-470-pacific-highway-lane-cove-nsw-2066-2013793555"
"LEICHHARDT","2/38-40 John St",4,"Townhouse",1425.0,"https://www.domain.com.au/2-38-40-john-street-leichhardt-nsw-2040-2013785308"
"LIDCOMBE","24/129-135 Frances St",2,"Villa",635.0,"https://www.domain.com.au/24-129-135-frances-street-lidcombe-nsw-2141-2013786289"
"LIDCOMBE","37 Georges Av",3,"House",1100.0,"https://www.domain.com.au/37-georges-ave-lidcombe-nsw-2141-2013785054"
"LINDFIELD","68 Highfield Rd",5,"House",Passed In,"https://www.domain.com.au/68-highfield-road-lindfield-nsw-2070-2013788990"
"LOFTUS","46 Spur Cr",4,"House",1070.0,"https://www.domain.com.au/46-spur-crescent-loftus-nsw-2232-2013784898"
"LONG JETTY","8 Minto Av",1,"House",Passed In,"https://www.domain.com.au/8-minto-ave-long-jetty-nsw-2261-2013770503"
"LONG JETTY","21 Pacific St",3,"House",750.0,"https://www.domain.com.au/21-pacific-st-long-jetty-nsw-2261-2013782570"
"LUGARNO","6 Illawong St",4,"House",1350.0,"https://www.domain.com.au/6-illawong-street-lugarno-nsw-2210-2013790823"
"MACQUARIE PARK","23/5 Durham Cl",2,"Unit",782.0,"https://www.domain.com.au/23-5-durham-close-macquarie-park-nsw-2113-2013791733"
"MACQUARIE PARK","3/37 Khartoum Rd",2,"Townhouse",901.0,"https://www.domain.com.au/3-37-khartoum-road-macquarie-park-nsw-2113-2013792335"
"MACQUARIE PARK","48/2 Leisure Cl",2,"Unit",700.0,"https://www.domain.com.au/48-2-leisure-close-macquarie-park-nsw-2113-2013789755"
"MACQUARIE PARK","1/10 Tuckwell Pl",3,"Townhouse",Price withheld,"https://www.domain.com.au/1-10-tuckwell-place-macquarie-park-nsw-2113-2013790258"
"MANLY","13/17 Balgowlah Rd",2,"Unit",1190.0,"https://www.domain.com.au/13-17-balgowlah-road-manly-nsw-2095-2013786460"
"MANLY","16 Eurobin Av",4,"House",3720.0,"https://www.domain.com.au/16-eurobin-avenue-manly-nsw-2095-2013776914"
"MANLY","2/6 James St",2,"Unit",Price withheld,"https://www.domain.com.au/2-6-james-street-manly-nsw-2095-2013789147"
"MANLY","4/78 Raglan St",3,"Unit",1485.0,"https://www.domain.com.au/4-78-raglan-street-manly-nsw-2095-2013786998"
"MANLY VALE","82 Innes Rd",4,"House",Price withheld,"https://www.domain.com.au/82-innes-road-manly-vale-nsw-2093-2013789688"
"MANLY VALE","42 Lovett St",4,"House",2185.0,"https://www.domain.com.au/42-lovett-street-manly-vale-nsw-2093-2013785675"
"MANLY VALE","2/48 Lovett St",3,"Townhouse",Price withheld,"https://www.domain.com.au/2-48-lovett-street-manly-vale-nsw-2093-2013791229"
"MAROUBRA","43/818 Anzac Pde",3,"Unit",1620.0,"https://www.domain.com.au/43-818-anzac-parade-maroubra-nsw-2035-2013786104"
"MAROUBRA","13/857 Anzac Pde",2,"Unit",Passed In,"https://www.domain.com.au/13-857-anzac-parade-maroubra-nsw-2035-2013788980"
"MAROUBRA","64 Broome St",3,"House",2275.0,"https://www.domain.com.au/64-broome-street-maroubra-nsw-2035-2013784116"
"MAROUBRA","69 Holmes St",2,"House",1700.0,"https://www.domain.com.au/69-holmes-street-maroubra-nsw-2035-2013788812"
"MAROUBRA","3/152 Marine Pde",2,"Unit",1520.0,"https://www.domain.com.au/3-152-marine-parade-maroubra-nsw-2035-2013780892"
"MAROUBRA","14/66-70 Maroubra Rd",2,"Unit",Passed In,"https://www.domain.com.au/14-66-70-maroubra-road-maroubra-nsw-2035-2013785016"
"MAROUBRA","4/4 New Orleans Cr",3,"Townhouse",Price withheld,"https://www.domain.com.au/4--4-new-orleans-crescent-maroubra-nsw-2035-2013789125"
"MAROUBRA","45 O'Sullivan Av",3,"House",1625.0,"https://www.domain.com.au/45-o-sullivan-avenue-maroubra-nsw-2035-2013777805"
"MAROUBRA","162 Paine St",5,"House",2300.0,"https://www.domain.com.au/162-paine-street-maroubra-nsw-2035-2013790331"
"MAROUBRA","11 Portland Cr",3,"House",2250.0,"https://www.domain.com.au/11-portland-crescent-maroubra-nsw-2035-2013787287"
"MAROUBRA","11 Snape St",3,"House",2150.0,"https://www.domain.com.au/11-snape-street-maroubra-nsw-2035-2013787160"
"MARRICKVILLE","11/13 Bayley St",2,"Unit",738.0,"https://www.domain.com.au/11-13-bayley-st-marrickville-nsw-2204-2013784432"
"MARRICKVILLE","4 Charles St",2,"House",Passed In,"https://www.domain.com.au/4-charles-street-marrickville-nsw-2204-2013787732"
"MARRICKVILLE","451 Illawarra Rd",2,"House",Passed In,"https://www.domain.com.au/451-illawara-road-marrickville-nsw-2204-2013787662"
"MARRICKVILLE","6 Silver St",3,"House",1600.0,"https://www.domain.com.au/6-silver-street-marrickville-nsw-2204-2013773408"
"MARSFIELD","137 Vimiera Rd",4,"House",1630.0,"https://www.domain.com.au/137-vimiera-road-marsfield-nsw-2122-2013789450"
"MARSFIELD","7/178-182 Waterloo Rd",2,"Townhouse",861.0,"https://www.domain.com.au/7-178-182-waterloo-road-marsfield-nsw-2122-2013789037"
"MASCOT","4/104-110 High St",2,"Unit",825.0,"https://www.domain.com.au/4-108-high-street-mascot-nsw-2020-2013760999"
"MATCHAM","84 Coachwood Rd",6,"House",Withdrawn,"https://www.domain.com.au/84-coachwood-road-matcham-nsw-2250-2013777763"
"MATRAVILLE","6 Oxley St",5,"House",2020.0,"https://www.domain.com.au/6-oxley-street-matraville-nsw-2036-2013780589"
"MEADOWBANK","13/19 Meadow Cr",2,"Unit",587.0,"https://www.domain.com.au/13-19-meadow-crescent-meadowbank-nsw-2114-2013792928"
"MERRYLANDS","39 Holdsworth St",6,"House",1350.0,"https://www.domain.com.au/39-holdsworth-st-merrylands-nsw-2160-2013790388"
"MERRYLANDS","27 Mary St",4,"House",955.0,"https://www.domain.com.au/27-mary-street-merrylands-nsw-2160-2013792790"
"MERRYLANDS WEST","3 Elford Cr",4,"House",Passed In,"https://www.domain.com.au/3-elford-crescent-merrylands-nsw-2160-2013787161"
"MIDDLE COVE","30 Covelee Cct",5,"House",2600.0,"https://www.domain.com.au/30-covelee-circuit-middle-cove-nsw-2068-2013800143"
"MILSONS POINT","35/48-50 Alfred St S",1,"Unit",850.0,"https://www.domain.com.au/35-48-alfred-street-milsons-point-nsw-2061-2013781376"
"MORTDALE","5 Ballantyne Rd",4,"House",Passed In,"https://www.domain.com.au/5-ballantyne-road-mortdale-nsw-2223-2013784868"
"MORTDALE","111B Morts Rd",3,"Duplex",Price withheld,"https://www.domain.com.au/111b-morts-road-mortdale-nsw-2223-2013783541"
"MOSMAN","69 MacPherson St",3,"House",Passed In,"https://www.domain.com.au/69-macpherson-street-mosman-nsw-2088-2013792328"
"MOSMAN","76 Spencer Rd",3,"House",1175.0,"https://www.domain.com.au/76-spencer-road-mosman-nsw-2088-2013793258"
"MOUNT DRUITT","71 George St",3,"House",985.0,"https://www.domain.com.au/71-george-street-mount-druitt-nsw-2770-2013783289"
"MOUNT PRITCHARD","37 Phyllis St",6,"House",1400.0,"https://www.domain.com.au/37-phyllis-street-mount-pritchard-nsw-2170-2013785294"
"NAREMBURN","1/5 Chelmsford Av",3,"Townhouse",Passed In,"https://www.domain.com.au/1-5-chelmsford-avenue-naremburn-nsw-2065-2013792312"
"NAREMBURN","19B Market St",3,"House",2060.0,"https://www.domain.com.au/19b-market-street-naremburn-nsw-2065-2013781919"
"NAREMBURN","12 Rhodes Av",4,"House",3000.0,"https://www.domain.com.au/12-rhodes-avenue-naremburn-nsw-2065-2013790262"
"NARRABEEN","7/3 King St",2,"Unit",1100.0,"https://www.domain.com.au/7-3-king-street-narrabeen-nsw-2101-2013795124"
"NARRAWEENA","17 Chester Pl",4,"House",1710.0,"https://www.domain.com.au/17-chester-place-narraweena-nsw-2099-2013790313"
"NARRAWEENA","31 Nalya Rd",4,"House",1520.0,"https://www.domain.com.au/31-nalya-road-narraweena-nsw-2099-2013792317"
"NARRAWEENA","3 Pine Pl",5,"House",Withdrawn,"https://www.domain.com.au/3-pine-place-narraweena-nsw-2099-2013792318"
"NEUTRAL BAY","26 Ben Boyd Rd",3,"House",Passed In,"https://www.domain.com.au/26-ben-boyd-road-neutral-bay-nsw-2089-2013779217"
"NEUTRAL BAY","6/28 Lower Wycombe Rd",2,"Unit",1550.0,"https://www.domain.com.au/6-28-lower-wycombe-road-neutral-bay-nsw-2089-2013788993"
"NEWTOWN","9 Sloane St",2,"House",1300.0,"https://www.domain.com.au/9-sloane-street-newtown-nsw-2042-2013788169"
"NORTH BALGOWLAH","4 Coramba St",3,"House",2260.0,"https://www.domain.com.au/4-coramba-street-north-balgowlah-nsw-2093-2013789210"
"NORTH BONDI","3/2A Brighton Bvd",1,"Unit",885.0,"https://www.domain.com.au/3-2a-brighton-boulevard-north-bondi-nsw-2026-2013792314"
"NORTH EPPING","37 Woodvale Av",3,"House",1121.0,"https://www.domain.com.au/37-woodvale-avenue-north-epping-nsw-2121-2013791567"
"NORTH MANLY","40 Corrie Rd",4,"House",2480.0,"https://www.domain.com.au/40-corrie-road-north-manly-nsw-2100-2013788994"
"NORTH NARRABEEN","18A The Crescent ",4,"House",Price withheld,"https://www.domain.com.au/18a-the-crescent-north-narrabeen-nsw-2101-2013791899"
"NORTH ROCKS","2 Stratford Rd",3,"House",Passed In,"https://www.domain.com.au/2-stratford-road-north-rocks-nsw-2151-2013785253"
"NORTH SYDNEY","1/2 Eden St",2,"Unit",Passed In,"https://www.domain.com.au/1-2-eden-street-north-sydney-nsw-2060-2013792311"
"NORTH SYDNEY","507/245 Pacific Hwy",1,"Unit",650.0,"https://www.domain.com.au/507-245-pacific-highway-north-sydney-nsw-2060-2013781434"
"NORTH SYDNEY","56/171 Walker St",3,"Unit",1885.0,"https://www.domain.com.au/56-171-walker-street-north-sydney-nsw-2060-2013780475"
"NORTH WAHROONGA","5 Daly Av",5,"House",Withdrawn,"https://www.domain.com.au/5-daly-avenue-wahroonga-nsw-2076-2013789017"
"NORTH WILLOUGHBY","33/301-309 Penshurst St",2,"Unit",1010.0,"https://www.domain.com.au/33-303-penshurst-street-willoughby-nsw-2068-2013791361"
"OATLANDS","4/210 Pennant Hills Rd",4,"Townhouse",950.0,"https://www.domain.com.au/4-210-pennant-hills-road-oatlands-nsw-2117-2013789950"
"OATLEY","24A Algernon St",3,"House",1800.0,"https://www.domain.com.au/24a-algernon-street-oatley-nsw-2223-2013789710"
"OATLEY","24A Annette St",4,"House",2400.0,"https://www.domain.com.au/24a-annette-street-oatley-nsw-2223-2013793953"
"OATLEY","1/15 Gungah Bay Rd",4,"Townhouse",Passed In,"https://www.domain.com.au/1-15-gungah-bay-road-oatley-nsw-2223-2013800581"
"OATLEY","3/15 Gungah Bay Rd",3,"Villa",1400.0,"https://www.domain.com.au/3-15-gungah-bay-road-oatley-nsw-2223-2013778646"
"OATLEY","4/3 Rosa St",2,"Unit",760.0,"https://www.domain.com.au/4-3-rosa-street-oatley-nsw-2223-2013790358"
"OXLEY PARK","42A Brisbane St",7,"House",880.0,"https://www.domain.com.au/42a-brisbane-street-oxley-park-nsw-2760-2013784220"
"PADDINGTON","70 Goodhope St",3,"House",Price withheld,"https://www.domain.com.au/70-goodhope-street-paddington-nsw-2021-2013800223"
"PADDINGTON","378 Moore Park Rd",4,"House",2775.0,"https://www.domain.com.au/378-moore-park-road-paddington-nsw-2021-2013782219"
"PADDINGTON","13 Ormond St",3,"House",2200.0,"https://www.domain.com.au/13-ormond-street-paddington-nsw-2021-2013781675"
"PADSTOW","27 Ronald St",3,"House",1188.0,"https://www.domain.com.au/27-ronald-street-padstow-nsw-2211-2013787699"
"PANANIA","94 Weston St",4,"House",945.0,"https://www.domain.com.au/94-weston-street-panania-nsw-2213-2013808053"
"PARRAMATTA","810/6-10 Charles St",3,"Unit",Passed In,"https://www.domain.com.au/810-6-10-charles-street-parramatta-nsw-2150-2013574621"
"PARRAMATTA","56 Crimea St",5,"House",2130.0,"https://www.domain.com.au/56-crimea-street-parramatta-nsw-2150-2013786020"
"PARRAMATTA","607/19-21 Good St",2,"Unit",635.0,"https://www.domain.com.au/607-19-21-good-street-parramatta-nsw-2150-2013786016"
"PEAKHURST","158 Boundary Rd",3,"House",Price withheld,"https://www.domain.com.au/158-boundary-road-peakhurst-nsw-2210-2013789117"
"PEMULWUY","11 Buran Rd",5,"House",1345.0,"https://www.domain.com.au/11-buran-road-pemulwuy-nsw-2145-2013788695"
"PENDLE HILL","6 MacKlin St",4,"House",1460.0,"https://www.domain.com.au/6-macklin-st-pendle-hill-nsw-2145-2013784958"
"PUNCHBOWL","12 Dudley St",4,"Duplex",Price withheld,"https://www.domain.com.au/12-dudley-street-punchbowl-nsw-2196-2013763162"
"PUTNEY","76 Douglas St",5,"House",2900.0,"https://www.domain.com.au/76-douglas-street-putney-nsw-2112-2013778666"
"PYMBLE","26 Beechworth Rd",3,"House",2150.0,"https://www.domain.com.au/26-beechworth-road-pymble-nsw-2073-2013791096"
"PYMBLE","15 Kiparra St",4,"House",2045.0,"https://www.domain.com.au/15-kiparra-street-pymble-nsw-2073-2013791585"
"PYMBLE","33 Pymble Av",6,"House",5700.0,"https://www.domain.com.au/33-pymble-avenue-pymble-nsw-2073-2013783134"
"PYMBLE","23 Quadrant Cl",3,"House",1520.0,"https://www.domain.com.au/23-quadrant-close-pymble-nsw-2073-2013791576"
"PYRMONT","34/1-29 Bunn St",2,"Unit",1470.0,"https://www.domain.com.au/34-1-29-bunn-street-pyrmont-nsw-2009-2013794294"
"PYRMONT","27/56 Pirrama Rd",2,"Unit",2250.0,"https://www.domain.com.au/27-56-pirrama-road-pyrmont-nsw-2009-2013786951"
"QUEENSCLIFF","10 Aitken Av",4,"House",2860.0,"https://www.domain.com.au/10-aitken-avenue-queenscliff-nsw-2096-2013784477"
"QUEENSCLIFF","3/47 Queenscliff Rd",2,"Unit",1250.0,"https://www.domain.com.au/3-47-queenscliff-road-queenscliff-nsw-2096-2013795461"
"REGENTS PARK","12 Dunbar Av",3,"House",850.0,"https://www.domain.com.au/12-dunbar-avenue-regents-park-nsw-2143-2013785229"
"REGENTS PARK","3 Terrene St",4,"House",1591.0,"https://www.domain.com.au/3-terrene-street-regents-park-nsw-2143-2013749079"
"REVESBY","93 Albert St",6,"House",Passed In,"https://www.domain.com.au/93-albert-street-revesby-nsw-2212-2013787350"
"REVESBY","50 Bransgrove Rd",3,"House",Passed In,"https://www.domain.com.au/50-bransgrove-rd-revesby-nsw-2212-2013788762"
"REVESBY","5 Nina St",3,"House",1097.0,"https://www.domain.com.au/5-nina-st-revesby-nsw-2212-2013804579"
"REVESBY","127 Queen St",4,"House",965.0,"https://www.domain.com.au/127-queen-street-revesby-nsw-2212-2013791841"
"ROCKDALE","1402/5 Rockdale Plaza Dr",2,"Unit",872.0,"https://www.domain.com.au/1402-5-rockdale-plaza-drive-rockdale-nsw-2216-2013783943"
"ROSEBERY","23 Trevilyan Av",3,"House",2320.0,"https://www.domain.com.au/23-trevilyan-avenue-rosebery-nsw-2018-2013786106"
"ROSELANDS","14 Alpha Av",5,"House",1360.0,"https://www.domain.com.au/14-alpha-avenue-roselands-nsw-2196-2013771250"
"ROSELANDS","15/13 Phillip St",2,"Unit",532.0,"https://www.domain.com.au/15-13-phillip-street-roselands-nsw-2196-2013783038"
"ROZELLE","12 Clubb St",3,"House",Passed In,"https://www.domain.com.au/12-clubb-street-rozelle-nsw-2039-2013783025"
"ROZELLE","49 Moodie St",4,"House",Passed In,"https://www.domain.com.au/49-moodie-street-rozelle-nsw-2039-2013754700"
"RYDE","28/275-281 Blaxland Rd",2,"Unit",650.0,"https://www.domain.com.au/28-275-blaxland-road-ryde-nsw-2112-2013790390"
"RYDE","3/3 Devlin St",2,"Unit",650.0,"https://www.domain.com.au/3-3-devlin-street-ryde-nsw-2112-2013792334"
"SEAFORTH","2 Palmerston Pl",3,"House",3450.0,"https://www.domain.com.au/2-palmerston-place-seaforth-nsw-2092-2013613157"
"SEVEN HILLS","15 Nipigon Rd",6,"House",985.5,"https://www.domain.com.au/15-nipigon-road-seven-hills-nsw-2147-2013787051"
"SMITHFIELD","824 The Horsley Dr",3,"House",670.0,"https://www.domain.com.au/824-the-horsley-dr-smithfield-nsw-2164-2013785100"
"ST HELENS PARK","62 Heritage Heights Cct",4,"House",950.0,"https://www.domain.com.au/62-heritage-heights-circuit-st-helens-park-nsw-2560-2013785006"
"ST IVES","19 Aronia Av",4,"House",2300.0,"https://www.domain.com.au/19-aronia-avenue-st-ives-nsw-2075-2013793684"
"ST IVES","40 Collins Rd",4,"House",Passed In,"https://www.domain.com.au/40-collins-road-st-ives-nsw-2075-2013757538"
"ST IVES","4/9-15 Newhaven Pl",3,"Unit",Price withheld,"https://www.domain.com.au/4-9-newhaven-place-st-ives-nsw-2075-2013770811"
"ST IVES CHASE","4 Wandeen Pl",5,"House",1850.0,"https://www.domain.com.au/4-wandeen-place-st-ives-nsw-2075-2013791527"
"ST LEONARDS","E607/599 Pacific Hwy",1,"Unit",840.0,"https://www.domain.com.au/e607-599-pacific-highway-st-leonards-nsw-2065-2013778730"
"ST LEONARDS","216/1 Sergeants La",1,"Unit",770.0,"https://www.domain.com.au/216-1-sergeants-lane-st-leonards-nsw-2065-2013792984"
"STANMORE","9 Margaret St",2,"House",1275.0,"https://www.domain.com.au/9-margaret-street-stanmore-nsw-2048-2013793105"
"STRATHFIELD","26 Cross St",4,"House",2750.0,"https://www.domain.com.au/26-cross-street-strathfield-nsw-2135-2013784272"
"SUMMER HILL","6/6-8 Gower St",2,"Unit",960.0,"https://www.domain.com.au/6-6-8-gower-street-summer-hill-nsw-2130-2013783079"
"SUMMER HILL","9/58 Kensington Rd",3,"Unit",945.0,"https://www.domain.com.au/9-58-kensington-road-summer-hill-nsw-2130-2013782303"
"SURRY HILLS","71 Albion St",4,"House",2050.0,"https://www.domain.com.au/71-albion-street-surry-hills-nsw-2010-2013756532"
"SURRY HILLS","2 Ann St",3,"Terrace",1190.0,"https://www.domain.com.au/2-ann-street-surry-hills-nsw-2010-2013784381"
"SURRY HILLS","91 Buckingham St",4,"House",Passed In,"https://www.domain.com.au/91-buckingham-street-surry-hills-nsw-2010-2013767161"
"SYDENHAM","83 Park Rd",3,"House",1200.0,"https://www.domain.com.au/83-park-road-sydenham-nsw-2044-2013793028"
"SYDNEY","2703/1 Hosking Pl",1,"Unit",850.0,"https://www.domain.com.au/2703-1-hosking-place-sydney-nsw-2000-2013787244"
"SYLVANIA","42/1 Koorooma Pl",2,"Townhouse",800.0,"https://www.domain.com.au/42-1-koorooma-place-sylvania-nsw-2224-2013784894"
"TELOPEA","6 Bonar St",4,"House",Passed In,"https://www.domain.com.au/6-bonar-street-telopea-nsw-2117-2013783073"
"TEMPE","4 Edwin St",2,"House",1220.0,"https://www.domain.com.au/4-edwin-street-tempe-nsw-2044-2013790305"
"TERRIGAL","10 Maree Av",3,"House",765.0,"https://www.domain.com.au/10-maree-avenue-terrigal-nsw-2260-2013782008"
"THORNLEIGH","10A Eddy St",4,"House",1650.0,"https://www.domain.com.au/10a-eddy-street-thornleigh-nsw-2120-2013790668"
"TURRAMURRA","3/1 Turramurra Av",4,"Townhouse",Passed In,"https://www.domain.com.au/3-1-turramurra-avenue-turramurra-nsw-2074-2013787348"
"UMINA BEACH","1 Osborne Av",2,"House",641.0,"https://www.domain.com.au/1-osborne-avenue-umina-beach-nsw-2257-2013790342"
"VOYAGER POINT","7 Woollsia Ct",4,"House",Passed In,"https://www.domain.com.au/7-woollsia-court-voyager-point-nsw-2172-2013784766"
"WAHROONGA","71 Lucinda Av",4,"House",Price withheld,"https://www.domain.com.au/71-lucinda-avenue-wahroonga-nsw-2076-2013779967"
"WAMBERAL","12 McGee Av",4,"House",Withdrawn,"https://www.domain.com.au/12-mcgee-avenue-wamberal-nsw-2260-2013768430"
"WAMBERAL","137A Ocean View Dr",5,"House",Withdrawn,"https://www.domain.com.au/137a-ocean-view-drive-wamberal-nsw-2260-2013641720"
"WARRIEWOOD","33/30 MacPherson St",3,"Townhouse",1200.0,"https://www.domain.com.au/33-30-macpherson-street-warriewood-nsw-2102-2013790901"
"WATERLOO","848 Elizabeth St",3,"House",1200.0,"https://www.domain.com.au/848-elizabeth-street-waterloo-nsw-2017-2013786105"
"WATERLOO","24/2 Kensington Mw",2,"Unit",875.0,"https://www.domain.com.au/24-2-kensington-mews-waterloo-nsw-2017-2013787012"
"WAVERTON","1/74 Bay Rd",2,"Unit",Price withheld,"https://www.domain.com.au/1-74-bay-road-waverton-nsw-2060-2013791013"
"WENTWORTH POINT","374/4 The Crescent ",3,"Unit",1400.0,"https://www.domain.com.au/374-4-the-crescent-wentworth-point-nsw-2127-2013793712"
"WEST HOXTON","16 Conway Av",4,"House",Passed In,"https://www.domain.com.au/16-conway-ave-west-hoxton-nsw-2171-2013794292"
"WETHERILL PARK","37 Locke St",3,"House",855.0,"https://www.domain.com.au/37-locke-street-wetherill-park-nsw-2164-2013787689"
"WILLOUGHBY","74 Edinburgh Rd",4,"House",1920.0,"https://www.domain.com.au/74-edinburgh-road-willoughby-nsw-2068-2013790203"
"WILLOUGHBY","15 Gorman St",4,"House",Price withheld,"https://www.domain.com.au/15-gorman-street-willoughby-nsw-2068-2013791438"
"WILLOUGHBY","204b/34-42 Penshurst St",2,"Unit",1180.0,"https://www.domain.com.au/204b-34-42-penshurst-street-willoughby-nsw-2068-2013782881"
"WINSTON HILLS","48 Langdon Rd",5,"House",1390.0,"https://www.domain.com.au/48-langdon-road-winston-hills-nsw-2153-2013783057"
"WOLLSTONECRAFT","8/29 Belmont Av",2,"Unit",980.0,"https://www.domain.com.au/8-29-belmont-avenue-wollstonecraft-nsw-2065-2013789885"
"WOLLSTONECRAFT","24 Milray Av",4,"House",5680.0,"https://www.domain.com.au/24-milray-ave-wollstonecraft-nsw-2065-2013787782"
"WOLLSTONECRAFT","4/46 Milray Av",2,"Unit",Passed In,"https://www.domain.com.au/4-46-milray-avenue-wollstonecraft-nsw-2065-2013792326"
"WOLLSTONECRAFT","50A Milray Av",3,"Semi",1850.0,"https://www.domain.com.au/50a-milray-avenue-wollstonecraft-nsw-2065-2013794046"
"WOLLSTONECRAFT","13/7-9 Morton St",2,"Unit",Price withheld,"https://www.domain.com.au/13-7-9-morton-street-wollstonecraft-nsw-2065-2013795031"
"WOLLSTONECRAFT","138/41 Rocklands Rd",2,"Unit",1305.0,"https://www.domain.com.au/138-41-rocklands-road-wollstonecraft-nsw-2065-2013789674"
"WOOLLAHRA","96 Old South Head Rd",3,"House",1625.0,"https://www.domain.com.au/96-old-south-head-road-woollahra-nsw-2025-2013787740"
"WOOLLAHRA","9 Pickering La",2,"House",2400.0,"https://www.domain.com.au/9-pickering-lane-woollahra-nsw-2025-2013785632"
"WOOLLOOMOOLOO","702/22-40 Sir John Young Cr",2,"Unit",1315.0,"https://www.domain.com.au/702-22-sir-john-young-crescent-woolloomooloo-nsw-2011-2013789804"
"WOOLOOWARE","1 Fairs Av",2,"House",Passed In,"https://www.domain.com.au/1-fairs-avenue-woolooware-nsw-2230-2013788981"
"WOOLOOWARE","26/110-112 Kingsway ",2,"Unit",Passed In,"https://www.domain.com.au/26-110-112-kingsway-woolooware-nsw-2230-2013785423"
"WORONORA HEIGHTS","102 Bundanoon Rd",4,"House",1366.0,"https://www.domain.com.au/102-bundanoon-road-woronora-heights-nsw-2233-2013790319"
"WORONORA HEIGHTS","6 Dotterel Pl",5,"House",1320.0,"https://www.domain.com.au/6-dotterel-place-woronora-heights-nsw-2233-2013793939"
"YAGOONA","8 Alexander St",3,"House",851.0,"https://www.domain.com.au/8-alexander-street-yagoona-nsw-2199-2013785476"
"YAGOONA","13 Houston Rd",5,"House",1315.0,"https://www.domain.com.au/13-houston-road-yagoona-nsw-2199-2013784162"
